Workbook
Name _bar10: #REF!
Name _bar13: #REF!
Name _bar16: #REF!
Name _bar19: #REF!
Name _bar22: #REF!
Name _bar25: #REF!
Name _bar29: #REF!
Name _bar32: #REF!
Name _GHH1: #REF!
Name _GHH2: #REF!
Name _HSH1: #REF!
Name _HSH2: #REF!
Name _JEA1: #REF!
Name _JEA2: #REF!
Name _JH10: [1]현황산출서!#REF!
Name _JH10: [1]현황산출서!#REF!
Name _JH10: [1]현황산출서!#REF!
Name _JH10: [1]현황산출서!#REF!
Name _JH11: [1]현황산출서!#REF!
Name _JH11: [1]현황산출서!#REF!
Name _JH11: [1]현황산출서!#REF!
Name _JH11: [1]현황산출서!#REF!
Name _JH12: [1]현황산출서!#REF!
Name _JH12: [1]현황산출서!#REF!
Name _JH12: [1]현황산출서!#REF!
Name _JH12: [1]현황산출서!#REF!
Name _JH13: [1]현황산출서!#REF!
Name _JH13: [1]현황산출서!#REF!
Name _JH13: [1]현황산출서!#REF!
Name _JH13: [1]현황산출서!#REF!
Name _JH14: [1]현황산출서!#REF!
Name _JH14: [1]현황산출서!#REF!
Name _JH14: [1]현황산출서!#REF!
Name _JH14: [1]현황산출서!#REF!
Name _JH15: [1]현황산출서!#REF!
Name _JH15: [1]현황산출서!#REF!
Name _JH15: [1]현황산출서!#REF!
Name _JH15: [1]현황산출서!#REF!
Name _JH16: [1]현황산출서!#REF!
Name _JH16: [1]현황산출서!#REF!
Name _JH16: [1]현황산출서!#REF!
Name _JH16: [1]현황산출서!#REF!
Name _JH17: [1]현황산출서!#REF!
Name _JH17: [1]현황산출서!#REF!
Name _JH17: [1]현황산출서!#REF!
Name _JH17: [1]현황산출서!#REF!
Name _JH18: [1]현황산출서!#REF!
Name _JH18: [1]현황산출서!#REF!
Name _JH18: [1]현황산출서!#REF!
Name _JH18: [1]현황산출서!#REF!
Name _JH19: [1]현황산출서!#REF!
Name _JH19: [1]현황산출서!#REF!
Name _JH19: [1]현황산출서!#REF!
Name _JH19: [1]현황산출서!#REF!
Name _JH20: [1]현황산출서!#REF!
Name _JH20: [1]현황산출서!#REF!
Name _JH20: [1]현황산출서!#REF!
Name _JH20: [1]현황산출서!#REF!
Name _jh8: [1]현황산출서!#REF!
Name _jh8: [1]현황산출서!#REF!

Sheet 원가계산서(총괄)
A2: 원 가 계 산 서 (총괄)
A3: [공사명 : 진천 메가폴리스 산업단지 조성사업]
A5: 구 분 | F5: 토 목 | G5: 전 기 | H5: 합 계 | I5: 비 고 | L5: 토목공사
A6: 순 공 사 원 가 | B6: 재 료 비 | D6: 직 접 재 료 비 | F6: ='원가계산서(토목공사)'!F6 -> 66523722128 | G6: ='원가계산서(전기공사)'!F6 -> 1972482406 | H6: =F6+G6 -> 68496204534
D7: 간 접 재 료 비 | H7: =F7+G7 -> 0
D8: 소 계 | F8: =SUM(F6:F7) -> 66523722128 | G8: =SUM(G6:G7) -> 1972482406 | H8: =F8+G8 -> 68496204534
B9: 노 무 비 | D9: 직 접 노 무 비 | F9: ='원가계산서(토목공사)'!F9 -> 55865798826 | G9: ='원가계산서(전기공사)'!F9 -> 1037484768 | H9: =F9+G9 -> 56903283594
D10: 간 접 노 무 비 | F10: ='원가계산서(토목공사)'!F10 -> 7486017042 | G10: ='원가계산서(전기공사)'!F10 -> 137985474 | H10: =F10+G10 -> 7624002516
D11: 소 계 | F11: =SUM(F9:F10) -> 63351815868 | G11: =SUM(G9:G10) -> 1175470242 | H11: =F11+G11 -> 64527286110
B12: 경 비 | D12: 산 출 경 비 | F12: ='원가계산서(토목공사)'!F12 -> 29621556618 | G12: ='원가계산서(전기공사)'!F12 -> 22109916 | H12: =F12+G12 -> 29643666534
D13: 산 재 보 험 료 | F13: ='원가계산서(토목공사)'!F13 -> 2255324644 | G13: ='원가계산서(전기공사)'!F13 -> 41846740 | H13: =F13+G13 -> 2297171384
D14: 고 용 보 험 료 | F14: ='원가계산서(토목공사)'!F14 -> 994623509 | G14: ='원가계산서(전기공사)'!F14 -> 11872249 | H14: =F14+G14 -> 1006495758
D15: 건 강 보 험 료 | F15: ='원가계산서(토목공사)'!F15 -> 2377966250 | G15: ='원가계산서(전기공사)'!F15 -> 44336163 | H15: =F15+G15 -> 2422302413
D16: 노인장기요양보험료 | F16: ='원가계산서(토목공사)'!F16 -> 307946629 | G16: ='원가계산서(전기공사)'!F18 -> 5741533 | H16: =F16+G16 -> 313688162
D17: 연 금 보 험 료 | F17: ='원가계산서(토목공사)'!F17 -> 3018574930 | G17: ='원가계산서(전기공사)'!F16 -> 56280038 | H17: =F17+G17 -> 3074854968
D18: 퇴 직 공 제 부 금 비 | F18: ='원가계산서(토목공사)'!F18 -> 1542827186 | G18: ='원가계산서(전기공사)'!F17 -> 28765353 | H18: =F18+G18 -> 1571592539
D19: 건설기계대여대금지급보증서 | F19: ='원가계산서(토목공사)'!F19 -> 608044310 | H19: =F19+G19 -> 608044310
D20: 산업안전보건관리비 | F20: ='원가계산서(토목공사)'!F20 -> 2027901531 | G20: ='원가계산서(전기공사)'!F19 -> 86334499 | H20: =F20+G20 -> 2114236030
D21: 환 경 보 전 비 | F21: ='원가계산서(토목공사)'!F21 -> 912066465 | H21: =F21+G21 -> 912066465
D22: 건설하도급대금지급보증서발급수수료 | F22: ='원가계산서(토목공사)'!F22 -> 107927865 | H22: =F22+G22 -> 107927865
D23: 기 타 경 비 | F23: ='원가계산서(토목공사)'!F23 -> 8961412121 | G23: ='원가계산서(전기공사)'!F21 -> 223504638 | H23: =F23+G23 -> 9184916759
D24: 소 계 | F24: =SUM(F12:F23) -> 52736172058 | G24: =SUM(G12:G23) -> 520791129 | H24: =F24+G24 -> 53256963187 | K24: 직접공사비 | L24: =SUM(F6,F9,F12) -> 152011077572
A25: 합 계 | F25: =SUM(F8+F11+F24) -> 182611710054 | G25: =SUM(G8+G11+G24) -> 3668743777 | H25: =F25+G25 -> 186280453831 | K25: 간접비 | L25: =SUM(F10,F13:F23,F26,F28) -> 50024007857
B26: 일 반 관 리 비 | F26: ='원가계산서(토목공사)'!F26 -> 8217526952 | G26: ='원가계산서(전기공사)'!F26 -> 201780907 | H26: =F26+G26 -> 8419307859
B27: 피 해 방 지 대 책 비 용 | F27: ='원가계산서(토목공사)'!F27 -> 209912160 | H27: =F27+G27 -> 209912160 | K27: 간접비율 | L27: =L25/L24 -> 0.32908133 | M27: (부가세 별도)
B28: 이 윤 | F28: ='원가계산서(토목공사)'!F28 -> 11205848423 | G28: ='원가계산서(전기공사)'!F27 -> 284651680 | H28: =F28+G28 -> 11490500103
B29: G I S 측 량 성 과 비 | F29: ='원가계산서(토목공사)'!F29 -> 453609000 | H29: =F29+G29 -> 453609000
B30: 시 공 측 량 비 | F30: ='원가계산서(토목공사)'!F30 -> 142023000 | H30: =F30+G30 -> 142023000
B31: 폐 기 물 처 리 용 역 | F31: ='원가계산서(토목공사)'!F31 -> 1113009593 | H31: =F31+G31 -> 1113009593
B32: 계 측 관 리 | F32: ='원가계산서(토목공사)'!F32 -> 86639000 | H32: =F32+G32 -> 86639000
B33: 공 급 가 액 | F33: =INT(SUM(F25,F26,F27,F28,F29,F30,F31,F32)) -> 204040278182 | G33: =INT(SUM(G25,G26,G27,G28,G29,G30,G31,G32)) -> 4155176364 | H33: =F33+G33 -> 208195454546
B34: 부 가 가 치 세 | F34: =TRUNC(F33*0.1,0) -> 20404027818 | G34: =TRUNC(G33*0.1,0) -> 415517636 | H34: =F34+G34 -> 20819545454
B35: 도 급 공 사 비 | F35: =SUM(F33:F34) -> 224444306000 | G35: =SUM(G33:G34) -> 4570694000 | H35: =F35+G35 -> 229015000000 | K35: (계약금액)
B36: 수 탁 비 | F36: =INT(I36/1000)*1000 -> 0 | G36: ='원가계산서(전기공사)'!F34 -> 42000000 | H36: =F36+G36 -> 42000000
B37: 총 공 사 비 | F37: =F35+F36 -> 224444306000 | G37: =G35+G36 -> 4612694000 | H37: =F37+G37 -> 229057000000
F40: =F39*0.86 -> 0

Sheet 공사비총괄표
A1: 공 사 비 총 괄 표
A2: 공사명 : 진천 메가폴리스 산업단지 조성사업
A3: 공 종 명 | B3: 규 격 | C3: 수량 | D3: 단위 | E3: 노 무 비 | G3: 재 료 비 | I3: 경 비 | K3: 합 계 | M3: 비 고
E4: 단 가 | F4: 금 액 | G4: 단 가 | H4: 금 액 | I4: 단 가 | J4: 금 액 | K4: 단 가 | L4: 금 액
A5: 진천 메가폴리스 일반산업단지 조성사업 | C5: 1 | D5: 식 | F5: =TRUNC(F6+F7+F10+F11+F12+F13+F14+F15+F16+F17+F18+F19+F20+F21+F22+F23+F24+F25+F26+F27+F28+F29+F310+F31+F33) -> 64527286110 | H5: =TRUNC(H6+H7+H10+H11+H12+H13+H14+H15+H16+H17+H18+H19+H20+H21+H22+H23+H24+H25+H26+H27+H28+H29+H310+H31+H33) -> 68496204534 | J5: =TRUNC(J6+J7+J10+J11+J12+J13+J14+J15+J16+J17+J18+J19+J20+J21+J22+J23+J24+J25+J26+J27+J28+J29+J310+J31+J33) -> 96033509356 | L5: =H5+F5+J5 -> 229057000000
A6: 1.토목공사 | C6: 1 | D6: 식 | E6: ='원가계산서(토목공사)'!F9 -> 55865798826 | F6: =TRUNC(E6*$C6,0) -> 55865798826 | G6: ='원가계산서(토목공사)'!F6 -> 66523722128 | H6: =TRUNC(G6*$C6,0) -> 66523722128 | I6: ='원가계산서(토목공사)'!F12 -> 29621556618 | J6: =TRUNC(I6*$C6,0) -> 29621556618 | K6: =G6+E6+I6 -> 152011077572 | L6: =H6+F6+J6 -> 152011077572
A7: 2.전기공사 | C7: 1 | D7: 식 | E7: ='원가계산서(총괄)'!G9 -> 1037484768 | F7: =TRUNC(E7*$C7,0) -> 1037484768 | G7: ='원가계산서(총괄)'!G6 -> 1972482406 | H7: =TRUNC(G7*$C7,0) -> 1972482406 | I7: ='원가계산서(총괄)'!G12 -> 22109916 | J7: =TRUNC(I7*$C7,0) -> 22109916 | K7: =G7+E7+I7 -> 3032077090 | L7: =H7+F7+J7 -> 3032077090
F8: 0 | H8: 0 | J8: 0 | K8: =G8+E8+I8 -> 0 | L8: =H8+F8+J8 -> 0
A9: 직 접 공 사 비 | C9: 1 | D9: 식 | F9: =F6+F7 -> 56903283594 | H9: =H6+H7 -> 68496204534 | J9: =J6+J7 -> 29643666534 | K9: =G9+E9+I9 -> 0 | L9: =H9+F9+J9 -> 155043154662
A10: 간 접 재 료 비 | C10: 1 | D10: 식 | F10: 0 | H10: =TRUNC((0*0/100),0) -> 0 | J10: 0 | K10: =G10+E10+I10 -> 0 | L10: =H10+F10+J10 -> 0
A11: 간 접 노 무 비 | C11: 1 | D11: 식 | F11: ='원가계산서(총괄)'!H10 -> 7624002516 | H11: 0 | J11: 0 | K11: =G11+E11+I11 -> 0 | L11: =H11+F11+J11 -> 7624002516
A12: 산 재 보 험 료 | C12: 1 | D12: 식 | H12: 0 | J12: ='원가계산서(총괄)'!H13 -> 2297171384 | K12: =G12+E12+I12 -> 0 | L12: =H12+F12+J12 -> 2297171384
A13: 고 용 보 험 료 | C13: 1 | D13: 식 | H13: 0 | J13: ='원가계산서(총괄)'!H14 -> 1006495758 | K13: =G13+E13+I13 -> 0 | L13: =H13+F13+J13 -> 1006495758
A14: 건 강 보 험 료 | C14: 1 | D14: 식 | H14: 0 | J14: ='원가계산서(총괄)'!H15 -> 2422302413 | K14: =G14+E14+I14 -> 0 | L14: =H14+F14+J14 -> 2422302413
A15: 노인장기요양보험료 | C15: 1 | D15: 식 | H15: 0 | J15: ='원가계산서(총괄)'!H16 -> 313688162 | K15: =G15+E15+I15 -> 0 | L15: =H15+F15+J15 -> 313688162
A16: 연 금 보 험 료 | C16: 1 | D16: 식 | H16: 0 | J16: ='원가계산서(총괄)'!H17 -> 3074854968 | K16: =G16+E16+I16 -> 0 | L16: =H16+F16+J16 -> 3074854968
A17: 퇴 직 공 제 부 금 | C17: 1 | D17: 식 | H17: 0 | J17: ='원가계산서(총괄)'!H18 -> 1571592539 | K17: =G17+E17+I17 -> 0 | L17: =H17+F17+J17 -> 1571592539
A18: 건설기계대여대금지급보증서 | C18: 1 | D18: 식 | H18: 0 | J18: ='원가계산서(총괄)'!H19 -> 608044310 | K18: =G18+E18+I18 -> 0 | L18: =H18+F18+J18 -> 608044310
A19: 산업안전보건관리비 | C19: 1 | D19: 식 | H19: 0 | J19: ='원가계산서(총괄)'!H20 -> 2114236030 | K19: =G19+E19+I19 -> 0 | L19: =H19+F19+J19 -> 2114236030
A20: 환 경 보 전 비 | C20: 1 | D20: 식 | H20: 0 | J20: ='원가계산서(총괄)'!H21 -> 912066465 | K20: =G20+E20+I20 -> 0 | L20: =H20+F20+J20 -> 912066465
A21: 건설하도급대금지급보증서발급수수료 | C21: 1 | D21: 식 | H21: 0 | J21: ='원가계산서(총괄)'!H22 -> 107927865 | K21: =G21+E21+I21 -> 0 | L21: =H21+F21+J21 -> 107927865
A22: 기 타 경 비 | C22: 1 | D22: 식 | H22: 0 | J22: ='원가계산서(총괄)'!H23 -> 9184916759 | K22: =G22+E22+I22 -> 0 | L22: =H22+F22+J22 -> 9184916759
A23: 일 반 관 리 비 | C23: 1 | D23: 식 | H23: 0 | J23: ='원가계산서(총괄)'!H26 -> 8419307859 | K23: =G23+E23+I23 -> 0 | L23: =H23+F23+J23 -> 8419307859
A24: 피해방지대책비용 | C24: 1 | D24: 식 | H24: 0 | J24: ='원가계산서(총괄)'!H27 -> 209912160 | K24: =G24+E24+I24 -> 0 | L24: =H24+F24+J24 -> 209912160
A25: 이 윤 | C25: 1 | D25: 식 | H25: 0 | J25: ='원가계산서(총괄)'!H28 -> 11490500103 | K25: =G25+E25+I25 -> 0 | L25: =H25+F25+J25 -> 11490500103
A26: GIS측량성과비 | C26: 1 | D26: 식 | E26: 0 | G26: 0 | J26: ='원가계산서(총괄)'!H29 -> 453609000 | K26: =G26+E26+I26 -> 0 | L26: =H26+F26+J26 -> 453609000
A27: 시공측량비 | C27: 21 | D27: km | G27: 0 | J27: ='원가계산서(총괄)'!H30 -> 142023000 | K27: =G27+E27+I27 -> 0 | L27: =H27+F27+J27 -> 142023000
A28: 폐기물처리용역 | C28: 1 | D28: 식 | H28: =TRUNC(G28*C28,0) -> 0 | J28: ='원가계산서(총괄)'!H31 -> 1113009593 | K28: =G28+E28+I28 -> 0 | L28: =H28+F28+J28 -> 1113009593
A29: 계측관리 | C29: 1 | D29: 식 | G29: 0 | J29: ='원가계산서(총괄)'!H32 -> 86639000 | K29: =G29+E29+I29 -> 0 | L29: =H29+F29+J29 -> 86639000
A30: 공 급 가 액 | C30: 1 | D30: 식 | H30: 0 | J30: =TRUNC((H9+J9+F9+F11+J12+J13+J14+J15+J16+J17+J18+J19+J20+J21+J22+J23+J24+J25+J26+J27+H28+J28+J29),0) -> 208195454546 | K30: =G30+E30+I30 -> 0 | L30: =H30+F30+J30 -> 208195454546
A31: 부 가 가 치 세 | C31: 1 | D31: 식 | H31: 0 | J31: ='원가계산서(총괄)'!H34 -> 20819545454 | K31: =G31+E31+I31 -> 0 | L31: =H31+F31+J31 -> 20819545454
A32: 도 급 액 | C32: 1 | D32: 식 | H32: 0 | J32: =J30+J31 -> 229015000000 | K32: =G32+E32+I32 -> 0 | L32: =H32+F32+J32 -> 229015000000
A33: 한 전 수 탁 비 | C33: 1 | D33: 식 | H33: 0 | J33: ='원가계산서(총괄)'!H36 -> 42000000 | K33: =G33+E33+I33 -> 0 | L33: =H33+F33+J33 -> 42000000
A34: 총 공 사 비 | C34: 1 | D34: 식 | H34: 0 | J34: =J32+J33 -> 229057000000 | K34: =G34+E34+I34 -> 0 | L34: =H34+F34+J34 -> 229057000000

Sheet 원가계산서(토목공사)
A2: 원 가 계 산 서 (토목)
A3: [공사명 : 진천 메가폴리스 산업단지 조성사업]
A5: 구 분 | F5: 도 급 금 액 | G5: 비 고
A6: 순 공 사 원 가 | B6: 재 료 비 | D6: 직 접 재 료 비 | F6: ='내역서(토목공사)'!H18 -> 66523722128
D7: 간 접 재 료 비
D8: 소 계 | F8: =SUM(F6:F7) -> 66523722128
B9: 노 무 비 | D9: 직 접 노 무 비 | F9: ='내역서(토목공사)'!F18 -> 55865798826
D10: 간 접 노 무 비 | F10: =TRUNC(($F$9)*G10%) -> 7486017042 | G10: 13.4
D11: 소 계 | F11: =SUM(F9:F10) -> 63351815868
B12: 경 비 | D12: 산 출 경 비 | F12: ='내역서(토목공사)'!J18 -> 29621556618
D13: 산 재 보 험 료 | F13: =TRUNC(($F$9+$F$10)*G13%) -> 2255324644 | G13: 3.56
D14: 고 용 보 험 료 | F14: =TRUNC(($F$9+$F$10)*G14%) -> 994623509 | G14: 1.57 | I14: 설계금액
D15: 건 강 보 험 료 | F15: =TRUNC(($F$9)*G15%)*0+I15 -> 2377966250 | G15: 3.545 | I15: 2377966250
D16: 노인장기요양보험료 | F16: =TRUNC(($F$15)*G16%)*0+I16 -> 307946629 | G16: 12.95 | I16: 307946629
D17: 연 금 보 험 료 | F17: =TRUNC(($F$9)*G17%)*0+I17 -> 3018574930 | G17: 4.5 | I17: 3018574930
D18: 퇴 직 공 제 부 금 비 | F18: =TRUNC(($F$9)*G18%)*0+I18 -> 1542827186 | G18: 2.3 | I18: 1542827186
D19: 건설기계대여대금지급보증서 | F19: =TRUNC(($F$6+$F$9+$F$12)*G19%) -> 608044310 | G19: 0.4
D20: 산업안전보건관리비 | F20: =TRUNC(($F$6+$F$9)*G20%)*0+I20 -> 2027901531 | G20: 1.38 | I20: 2027901531
D21: 환 경 보 전 비 | F21: =TRUNC(($F$6+$F$9+$F$12)*G21%) -> 912066465 | G21: 0.6
D22: 건설하도급대금지급보증서발급수수료 | F22: =TRUNC(($F$6+$F$9+$F$12)*G22%) -> 107927865 | G22: 0.071
D23: 기 타 경 비 | F23: =TRUNC(($F$6+$F$11)*G23%) -> 8961412121 | G23: 6.9
D24: 소 계 | F24: =SUM(F12:F23) -> 52736172058
A25: 합 계 | F25: =SUM(F8+F11+F24) -> 182611710054
B26: 일 반 관 리 비 | F26: =TRUNC(($F$25)*G26%) -> 8217526952 | G26: 4.5
B27: 피 해 방 지 대 책 비 용 | F27: =TRUNC(($F$25+$F$26)*G27%) -> 209912160 | G27: 0.11
B28: 이 윤 | F28: =TRUNC(($F$11+$F$24+$F$26+$F$27)*G28%)-INT(594011/1.1) -> 11205848423 | G28: 9
B29: G I S 측 량 성 과 비 | F29: ='내역서(토목공사)'!L35 -> 453609000
B30: 시 공 측 량 비 | F30: ='내역서(토목공사)'!L36 -> 142023000
B31: 폐 기 물 처 리 용 역 | F31: ='내역서(토목공사)'!L37 -> 1113009593
B32: 계 측 관 리 | F32: ='내역서(토목공사)'!L38 -> 86639000 | G32: 사면
B33: 공 급 가 액 | F33: =INT(SUM(F25,F26,F27,F28,F29,F30,F31,F32)) -> 204040278182
B34: 부 가 가 치 세 | F34: =TRUNC(F33*0.1,0) -> 20404027818
B35: 도 급 공 사 비 | F35: =SUM(F33:F34) -> 224444306000

Sheet 내역서(토목공사)
A1: 도 급 내 역 서
A2: 공사명 : 진천 메가폴리스 산업단지 조성사업
A3: 공 종 명 | B3: 규 격 | C3: 수량 | D3: 단위 | E3: 노 무 비 | G3: 재 료 비 | I3: 경 비 | K3: 합 계 | M3: 비 고
E4: 단 가 | F4: 금 액 | G4: 단 가 | H4: 금 액 | I4: 단 가 | J4: 금 액 | K4: 단 가 | L4: 금 액
A5: 진천 메가폴리스 일반산업단지 조성사업 | C5: 1 | D5: 식 | F5: =TRUNC(F6+F7+F8+F9+F10+F11+F12+F13+F14+F15+F16+F19+F20+F21+F22+F23+F24+F25+F26+F27+F28+F29+F30+F31+F32+F33+F34+F35+F36+F37+F38+F40,0) -> 63351815868 | H5: =TRUNC(H6+H7+H8+H9+H10+H11+H12+H13+H14+H15+H16+H19+H20+H21+H22+H23+H24+H25+H26+H27+H28+H29+H30+H31+H32+H33+H34+H35+H36+H37+H38+H40,0) -> 66361975118 | J5: =TRUNC(J6+J7+J8+J9+J10+J11+J12+J13+J14+J15+J16+J19+J20+J21+J22+J23+J24+J25+J26+J27+J28+J29+J30+J31+J32+J33+J34+J35+J36+J37+J38+J40,0) -> 94730515014 | L5: =H5+F5+J5 -> 224444306000
A6: 1.토 공 | C6: 1 | D6: 식 | E6: =F68 -> 45679031635 | F6: =TRUNC(E6*$C6,0) -> 45679031635 | G6: =H68 -> 34503742445 | H6: =TRUNC(G6*$C6,0) -> 34503742445 | I6: =J68 -> 24142306805 | J6: =TRUNC(I6*$C6,0) -> 24142306805 | K6: =G6+E6+I6 -> 104325080885 | L6: =H6+F6+J6 -> 104325080885
A7: 2.우수공 | C7: 1 | D7: 식 | E7: =F192 -> 3010933998 | F7: =TRUNC(E7*$C7,0) -> 3010933998 | G7: =H192 -> 17125536464 | H7: =TRUNC(G7*$C7,0) -> 17125536464 | I7: =J192 -> 1303483758 | J7: =TRUNC(I7*$C7,0) -> 1303483758 | K7: =G7+E7+I7 -> 21439954220 | L7: =H7+F7+J7 -> 21439954220
A8: 3.오수공 | C8: 1 | D8: 식 | E8: =F529 -> 485844891 | F8: =TRUNC(E8*$C8,0) -> 485844891 | G8: =H529 -> 1149654085 | H8: =TRUNC(G8*$C8,0) -> 1149654085 | I8: =J529 -> 141779721 | J8: =TRUNC(I8*$C8,0) -> 141779721 | K8: =G8+E8+I8 -> 1777278697 | L8: =H8+F8+J8 -> 1777278697
A9: 4.상수공 | C9: 1 | D9: 식 | E9: =F659 -> 892938847 | F9: =TRUNC(E9*$C9,0) -> 892938847 | G9: =H659 -> 2061404807 | H9: =TRUNC(G9*$C9,0) -> 2061404807 | I9: =J659 -> 51455768 | J9: =TRUNC(I9*$C9,0) -> 51455768 | K9: =G9+E9+I9 -> 3005799422 | L9: =H9+F9+J9 -> 3005799422
A10: 5.포장공 | C10: 1 | D10: 식 | E10: =F1091 -> 1811681837 | F10: =TRUNC(E10*$C10,0) -> 1811681837 | G10: =H1091 -> 7851898505 | H10: =TRUNC(G10*$C10,0) -> 7851898505 | I10: =J1091 -> 220097629 | J10: =TRUNC(I10*$C10,0) -> 220097629 | K10: =G10+E10+I10 -> 9883677971 | L10: =H10+F10+J10 -> 9883677971
A11: 6.조경공 | C11: 1 | D11: 식 | E11: =F1240 -> 2569518308 | F11: =TRUNC(E11*$C11,0) -> 2569518308 | G11: =H1240 -> 1308807381 | H11: =TRUNC(G11*$C11,0) -> 1308807381 | I11: =J1240 -> 538865817 | J11: =TRUNC(I11*$C11,0) -> 538865817 | K11: =G11+E11+I11 -> 4417191506 | L11: =H11+F11+J11 -> 4417191506
A12: 8.구조물공 | C12: 1 | D12: 식 | E12: =F1490 -> 694353421 | F12: =TRUNC(E12*$C12,0) -> 694353421 | G12: =H1490 -> 631445266 | H12: =TRUNC(G12*$C12,0) -> 631445266 | I12: =J1490 -> 62635909 | J12: =TRUNC(I12*$C12,0) -> 62635909 | K12: =G12+E12+I12 -> 1388434596 | L12: =H12+F12+J12 -> 1388434596
A13: 9.농수로공 | C13: 1 | D13: 식 | E13: =F1552 -> 12982062 | F13: =TRUNC(E13*$C13,0) -> 12982062 | G13: =H1552 -> 41363394 | H13: =TRUNC(G13*$C13,0) -> 41363394 | I13: =J1552 -> 1601760 | J13: =TRUNC(I13*$C13,0) -> 1601760 | K13: =G13+E13+I13 -> 55947216 | L13: =H13+F13+J13 -> 55947216
A14: 10.하천공 | C14: 1 | D14: 식 | E14: =F1580 -> 491964880 | F14: =TRUNC(E14*$C14,0) -> 491964880 | G14: =H1580 -> 769593823 | H14: =TRUNC(G14*$C14,0) -> 769593823 | I14: =J1580 -> 86738218 | J14: =TRUNC(I14*$C14,0) -> 86738218 | K14: =G14+E14+I14 -> 1348296921 | L14: =H14+F14+J14 -> 1348296921
A15: 11.저류지공 | C15: 1 | D15: 식 | E15: =F1653 -> 127999030 | F15: =TRUNC(E15*$C15,0) -> 127999030 | G15: =H1653 -> 403186048 | H15: =TRUNC(G15*$C15,0) -> 403186048 | I15: =J1653 -> 31570040 | J15: =TRUNC(I15*$C15,0) -> 31570040 | K15: =G15+E15+I15 -> 562755118 | L15: =H15+F15+J15 -> 562755118
A16: 12.부대공 | C16: 1 | D16: 식 | E16: =F1695 -> 88549917 | F16: =TRUNC(E16*$C16,0) -> 88549917 | G16: =H1695 -> 677089910 | H16: =TRUNC(G16*$C16,0) -> 677089910 | I16: =J1695 -> 3041021193 | J16: =TRUNC(I16*$C16,0) -> 3041021193 | K16: =G16+E16+I16 -> 3806661020 | L16: =H16+F16+J16 -> 3806661020
F17: 0 | H17: 0 | J17: 0 | K17: =G17+E17+I17 -> 0 | L17: =H17+F17+J17 -> 0
A18: 직 접 공 사 비 | C18: 1 | D18: 식 | F18: =TRUNC((F6+F7+F8+F9+F10+F11+F12+F13+F14+F15+F16),0) -> 55865798826 | H18: =TRUNC((H6+H7+H8+H9+H10+H11+H12+H13+H14+H15+H16),0) -> 66523722128 | J18: =TRUNC((J6+J7+J8+J9+J10+J11+J12+J13+J14+J15+J16),0) -> 29621556618 | K18: =G18+E18+I18 -> 0 | L18: =H18+F18+J18 -> 152011077572
A19: 간 접 재 료 비 | C19: 1 | D19: 식 | F19: 0 | H19: =TRUNC((0*0/100),0) -> 0 | J19: 0 | K19: =G19+E19+I19 -> 0 | L19: =H19+F19+J19 -> 0
A20: 간 접 노 무 비 | B20: 직접노무비의 13.4% | C20: 1 | D20: 식 | F20: =TRUNC((F18*13.4/100),0) -> 7486017042 | H20: 0 | J20: 0 | K20: =G20+E20+I20 -> 0 | L20: =H20+F20+J20 -> 7486017042
A21: 산 재 보 험 료 | B21: 노무비의 3.56% | C21: 1 | D21: 식 | F21: 0 | H21: 0 | J21: =TRUNC(((F18+F20)*3.56/100),0) -> 2255324644 | K21: =G21+E21+I21 -> 0 | L21: =H21+F21+J21 -> 2255324644
A22: 고 용 보 험 료 | B22: 노무비의 1.57% | C22: 1 | D22: 식 | F22: 0 | H22: 0 | J22: =TRUNC(((F18+F20)*1.57/100),0) -> 994623509 | K22: =G22+E22+I22 -> 0 | L22: =H22+F22+J22 -> 994623509 | O22: 설계금액
A23: 건 강 보 험 료 | B23: 직접노무비의 3.545% | C23: 1 | D23: 식 | F23: 0 | H23: 0 | J23: =TRUNC((F18*3.545/100),0)*0+$O$23 -> 2377966250 | K23: =G23+E23+I23 -> 0 | L23: =H23+F23+J23 -> 2377966250 | O23: 2377966250
A24: 노인장기요양보험료 | B24: 건강보험료의 12.95% | C24: 1 | D24: 식 | F24: 0 | H24: 0 | J24: =TRUNC((J23*12.95/100),0)*0+$O$24 -> 307946629 | K24: =G24+E24+I24 -> 0 | L24: =H24+F24+J24 -> 307946629 | O24: 307946629
A25: 연 금 보 험 료 | B25: 직접노무비의 4.5% | C25: 1 | D25: 식 | F25: 0 | H25: 0 | J25: =TRUNC((F18*4.5/100),0)*0+$O$25 -> 3018574930 | K25: =G25+E25+I25 -> 0 | L25: =H25+F25+J25 -> 3018574930 | O25: 3018574930
A26: 퇴 직 공 제 부 금 | B26: 직접노무비의 2.3% | C26: 1 | D26: 식 | F26: 0 | H26: 0 | J26: =TRUNC((F18*2.3/100),0)*0+$O$26 -> 1542827186 | K26: =G26+E26+I26 -> 0 | L26: =H26+F26+J26 -> 1542827186 | O26: 1542827186
A27: 건설기계대여대금지급보증서 | B27: 직접재료비,직접노무비,경비의 0.40% | C27: 1 | D27: 식 | F27: 0 | H27: 0 | J27: =TRUNC(((H18+F18+J18)*0.4/100),0) -> 608044310 | K27: =G27+E27+I27 -> 0 | L27: =H27+F27+J27 -> 608044310
A28: 산업안전보건관리비 | B28: 재료비,직접노무비의 1.38% | C28: 1 | D28: 식 | F28: 0 | H28: 0 | J28: =TRUNC(((H18+H19+F18)*1.38/100),0)*0+$O$28 -> 2027901531 | K28: =G28+E28+I28 -> 0 | L28: =H28+F28+J28 -> 2027901531 | O28: 2027901531
A29: 환 경 보 전 비 | B29: 직접재료비,직접노무비,경비의 0.6% | C29: 1 | D29: 식 | F29: 0 | H29: 0 | J29: =TRUNC(((H18+F18+J18)*0.6/100),0) -> 912066465 | K29: =G29+E29+I29 -> 0 | L29: =H29+F29+J29 -> 912066465
A30: 건설하도급대금지급보증서발급수수료 | B30: 직접재료비,직접노무비,경비의 0.071% | C30: 1 | D30: 식 | F30: 0 | H30: 0 | J30: =TRUNC(((H18+F18+J18)*0.071/100),0) -> 107927865 | K30: =G30+E30+I30 -> 0 | L30: =H30+F30+J30 -> 107927865
A31: 기 타 경 비 | B31: 재료비,노무비의 6.9% | C31: 1 | D31: 식 | F31: 0 | H31: 0 | J31: =TRUNC(((H18+H19+F18+F20)*6.9/100),0) -> 8961412121 | K31: =G31+E31+I31 -> 0 | L31: =H31+F31+J31 -> 8961412121
A32: 일 반 관 리 비 | B32: 순공사원가의 4.5% | C32: 1 | D32: 식 | F32: 0 | H32: 0 | J32: =TRUNC(((F18+H18+J18+F20+J21+J22+J23+J24+J25+J26+J27+J28+J29+J30+J31)*4.5/100),0) -> 8217526952 | K32: =G32+E32+I32 -> 0 | L32: =H32+F32+J32 -> 8217526952
A33: 피해방지대책비용 | B33: (순공사원가+일반관리비)×0.11% | C33: 1 | D33: 식 | F33: 0 | H33: 0 | J33: =TRUNC(((F18+H18+J18+F20+J21+J22+J23+J24+J25+J26+J27+J28+J29+J30+J31+J32)*0.11/100),0) -> 209912160 | K33: =G33+E33+I33 -> 0 | L33: =H33+F33+J33 -> 209912160
A34: 이 윤 | B34: 노무비,경비,일반관리비의 9% | C34: 1 | D34: 식 | F34: 0 | H34: 0 | J34: =TRUNC(((F18+J18+F20+J21+J22+J23+J24+J25+J26+J27+J28+J29+J30+J31+J32+J33)*9/100-594011/1.1),0) -> 11205848423 | K34: =G34+E34+I34 -> 0 | L34: =H34+F34+J34 -> 11205848423
A35: GIS측량성과비 | C35: 1 | D35: 식 | E35: 0 | G35: 0 | I35: 453609000 | J35: =TRUNC(I35*C35,0) -> 453609000 | K35: =G35+E35+I35 -> 453609000 | L35: =H35+F35+J35 -> 453609000
A36: 시공측량비 | C36: 21 | D36: km | E36: 0 | G36: 0 | I36: 6763000 | J36: =TRUNC(I36*C36,0) -> 142023000 | K36: =G36+E36+I36 -> 6763000 | L36: =H36+F36+J36 -> 142023000
A37: 폐기물처리용역 | C37: 1 | D37: 식 | E37: =F1806 -> 0 | G37: =H1806 -> -161747010 | H37: =TRUNC(G37*C37,0) -> -161747010 | I37: =J1806 -> 1274756603 | J37: =TRUNC(I37*C37,0) -> 1274756603 | K37: =G37+E37+I37 -> 1113009593 | L37: =H37+F37+J37 -> 1113009593
A38: 계측관리 | B38: 사면 | C38: 1 | D38: 식 | E38: 0 | G38: 0 | I38: 86639000 | J38: =TRUNC(I38*C38,0) -> 86639000 | K38: =G38+E38+I38 -> 86639000 | L38: =H38+F38+J38 -> 86639000
A39: 공 급 가 액 | B39: 순공사원가,일반관리비,이윤 | C39: 1 | D39: 식 | F39: 0 | H39: 0 | J39: =TRUNC((H18+J18+F18+F20+J21+J22+J23+J24+J25+J26+J27+J28+J29+J30+J31+J32+J33+J34+J35+J36+H37+J37+J38),0) -> 204040278182 | K39: =G39+E39+I39 -> 0 | L39: =H39+F39+J39 -> 204040278182
A40: 부 가 가 치 세 | B40: 총원가의 10% | C40: 1 | D40: 식 | F40: 0 | H40: 0 | J40: =TRUNC((J39*10/100),0) -> 20404027818 | K40: =G40+E40+I40 -> 0 | L40: =H40+F40+J40 -> 20404027818
A41: 총 공 사 비 | B41: 총원가,부가가치세 | C41: 1 | D41: 식 | F41: 0 | H41: 0 | J41: =J39+J40 -> 224444306000 | K41: =G41+E41+I41 -> 0 | L41: =H41+F41+J41 -> 224444306000
F67: 0 | H67: 0 | J67: 0 | K67: =G67+E67+I67 -> 0 | L67: =H67+F67+J67 -> 0
A68: 01.토 공 | C68: 1 | D68: 식 | F68: =F69+F100+F105+F108+F125+F149+F155+F159+F161+F168+F172+F175+F179+F183+F187 -> 45679031635 | H68: =H69+H100+H105+H108+H125+H149+H155+H159+H161+H168+H172+H175+H179+H183+H187 -> 34503742445 | J68: =J69+J100+J105+J108+J125+J149+J155+J159+J161+J168+J172+J175+J179+J183+J187 -> 24142306805 | L68: =H68+F68+J68 -> 104325080885
A69: 1.01.기존구조물철거 | F69: =TRUNC(F71+F72+F74+F75+F77+F78+F79+F80+F82+F83+F84+F85+F87+F88+F90+F92+F94+F95+F96+F97+F99,0) -> 838727433 | H69: =TRUNC(H71+H72+H74+H75+H77+H78+H79+H80+H82+H83+H84+H85+H87+H88+H90+H92+H94+H95+H96+H97+H99,0) -> 80493256 | J69: =TRUNC(J71+J72+J74+J75+J77+J78+J79+J80+J82+J83+J84+J85+J87+J88+J90+J92+J94+J95+J96+J97+J99,0) -> 178248039 | K69: =G69+E69+I69 -> 0 | L69: =H69+F69+J69 -> 1097468728
A70: a.철근콘크리트깨기 | F70: =TRUNC(F71+F72,0) -> 104648018 | H70: =TRUNC(H71+H72,0) -> -21672468 | J70: =TRUNC(J71+J72,0) -> 33201046 | K70: =G70+E70+I70 -> 0 | L70: =H70+F70+J70 -> 116176596
A71: 철근콘크리트 깨기 | B71: T=30cm미만 | C71: 1826 | D71: ㎥ | E71: 41590 | F71: =TRUNC(E71*$C71,0) -> 75943340 | G71: -9187 | H71: =TRUNC(G71*$C71,0) -> -16775462 | I71: 12986 | J71: =TRUNC(I71*$C71,0) -> 23712436 | K71: =G71+E71+I71 -> 45389 | L71: =H71+F71+J71 -> 82880314
A72: 철근콘크리트 깨기 | B72: T=30cm이상 | C72: 622 | D72: ㎥ | E72: 46149 | F72: =TRUNC(E72*$C72,0) -> 28704678 | G72: -7873 | H72: =TRUNC(G72*$C72,0) -> -4897006 | I72: 15255 | J72: =TRUNC(I72*$C72,0) -> 9488610 | K72: =G72+E72+I72 -> 53531 | L72: =H72+F72+J72 -> 33296282
A73: b.무근콘크리트깨기 | E73: 0 | F73: =TRUNC(F74+F75,0) -> 85215795 | G73: 0 | H73: =TRUNC(H74+H75,0) -> 25581171 | I73: 0 | J73: =TRUNC(J74+J75,0) -> 44136639 | K73: =G73+E73+I73 -> 0 | L73: =H73+F73+J73 -> 154933605
A74: 무근콘크리트 깨기/ T=30cm미만 | B74: 양호 | C74: 931 | D74: m3 | E74: 14910 | F74: =TRUNC(E74*$C74,0) -> 13881210 | G74: 4476 | H74: =TRUNC(G74*$C74,0) -> 4167156 | I74: 7722 | J74: =TRUNC(I74*$C74,0) -> 7189182 | K74: =G74+E74+I74 -> 27108 | L74: =H74+F74+J74 -> 25237548
A75: 무근콘크리트 깨기/ T=30cm이상 | B75: 양호 | C75: 3897 | D75: m3 | E75: 18305 | F75: =TRUNC(E75*$C75,0) -> 71334585 | G75: 5495 | H75: =TRUNC(G75*$C75,0) -> 21414015 | I75: 9481 | J75: =TRUNC(I75*$C75,0) -> 36947457 | K75: =G75+E75+I75 -> 33281 | L75: =H75+F75+J75 -> 129696057
A76: c.포장깨기 | F76: =TRUNC(F77+F78+F79+F80,0) -> 41961825 | H76: =TRUNC(H77+H78+H79+H80,0) -> 13275605 | J76: =TRUNC(J77+J78+J79+J80,0) -> 21969834 | K76: =G76+E76+I76 -> 0 | L76: =H76+F76+J76 -> 77207264
A77: 콘크리트포장 깨기 | B77: T=30cm미만 | C77: 2332 | D77: m3 | E77: 14737 | F77: =TRUNC(E77*$C77,0) -> 34366684 | G77: 4425 | H77: =TRUNC(G77*$C77,0) -> 10319100 | I77: 7634 | J77: =TRUNC(I77*$C77,0) -> 17802488 | K77: =G77+E77+I77 -> 26796 | L77: =H77+F77+J77 -> 62488272
A78: 아스팔트포장 깨기 | B78: T=30cm미만 | C78: 1236 | D78: m3 | E78: 5696 | F78: =TRUNC(E78*$C78,0) -> 7040256 | G78: 1930 | H78: =TRUNC(G78*$C78,0) -> 2385480 | I78: 3328 | J78: =TRUNC(I78*$C78,0) -> 4113408 | K78: =G78+E78+I78 -> 10954 | L78: =H78+F78+J78 -> 13539144
A79: 포장절단/콘크리트 | B79: - | C79: 22 | D79: m | E79: 1091 | F79: =TRUNC(E79*$C79,0) -> 24002 | G79: 1076 | H79: =TRUNC(G79*$C79,0) -> 23672 | I79: 106 | J79: =TRUNC(I79*$C79,0) -> 2332 | K79: =G79+E79+I79 -> 2273 | L79: =H79+F79+J79 -> 50006
A80: 포장절단/아스팔트 | B80: - | C80: 549 | D80: m | E80: 967 | F80: =TRUNC(E80*$C80,0) -> 530883 | G80: 997 | H80: =TRUNC(G80*$C80,0) -> 547353 | I80: 94 | J80: =TRUNC(I80*$C80,0) -> 51606 | K80: =G80+E80+I80 -> 2058 | L80: =H80+F80+J80 -> 1129842
A81: d.구조물 헐기 및 철거 | F81: =TRUNC(F82+F83+F84+F85,0) -> 138541915 | H81: =TRUNC(H82+H83+H84+H85,0) -> 6404358 | J81: =TRUNC(J82+J83+J84+J85,0) -> 24454938 | K81: =G81+E81+I81 -> 0 | L81: =H81+F81+J81 -> 169401211
A82: 석축헐기(찰쌓기) | B82: 기계 | C82: 116 | D82: m2 | E82: 1397 | F82: =TRUNC(E82*$C82,0) -> 162052 | G82: 458 | H82: =TRUNC(G82*$C82,0) -> 53128 | I82: 939 | J82: =TRUNC(I82*$C82,0) -> 108924 | K82: =G82+E82+I82 -> 2794 | L82: =H82+F82+J82 -> 324104
A83: 돌망태헐기 | B83: - | C83: 462 | D83: m2 | E83: 1620 | F83: =TRUNC(E83*$C83,0) -> 748440 | G83: 211 | H83: =TRUNC(G83*$C83,0) -> 97482 | I83: 272 | J83: =TRUNC(I83*$C83,0) -> 125664 | K83: =G83+E83+I83 -> 2103 | L83: =H83+F83+J83 -> 971586
A84: 호안블록헐기 | B84: - | C84: 2449 | D84: m2 | E84: 719 | F84: =TRUNC(E84*$C84,0) -> 1760831 | G84: 290 | H84: =TRUNC(G84*$C84,0) -> 710210 | I84: 374 | J84: =TRUNC(I84*$C84,0) -> 915926 | K84: =G84+E84+I84 -> 1383 | L84: =H84+F84+J84 -> 3386967
A85: 보강토옹벽 철거 | C85: 3718 | D85: m2 | E85: 36544 | F85: =TRUNC(E85*$C85,0) -> 135870592 | G85: 1491 | H85: =TRUNC(G85*$C85,0) -> 5543538 | I85: 6268 | J85: =TRUNC(I85*$C85,0) -> 23304424 | K85: =G85+E85+I85 -> 44303 | L85: =H85+F85+J85 -> 164718554
A86: e.관깨기 | F86: =TRUNC(F87+F88,0) -> 779892 | H86: =TRUNC(H87+H88,0) -> 138196 | J86: =TRUNC(J87+J88,0) -> 228960 | K86: =G86+E86+I86 -> 0 | L86: =H86+F86+J86 -> 1147048
A87: 콘크리트관 깨기 | B87: D=300~500mm | C87: 32 | D87: m | E87: 814 | F87: =TRUNC(E87*$C87,0) -> 26048 | G87: 144 | H87: =TRUNC(G87*$C87,0) -> 4608 | I87: 239 | J87: =TRUNC(I87*$C87,0) -> 7648 | K87: =G87+E87+I87 -> 1197 | L87: =H87+F87+J87 -> 38304
A88: 콘크리트관 깨기 | B88: D=500mm초과 | C88: 364 | D88: m | E88: 2071 | F88: =TRUNC(E88*$C88,0) -> 753844 | G88: 367 | H88: =TRUNC(G88*$C88,0) -> 133588 | I88: 608 | J88: =TRUNC(I88*$C88,0) -> 221312 | K88: =G88+E88+I88 -> 3046 | L88: =H88+F88+J88 -> 1108744
A89: f.가드레일 철거 | F89: =TRUNC(F90,0) -> 9277248 | H89: =TRUNC(H90,0) -> 555096 | J89: =TRUNC(J90,0) -> 240450 | K89: =G89+E89+I89 -> 0 | L89: =H89+F89+J89 -> 10072794
A90: 가드레일 철거 | B90: 4M/경간 | C90: 1374 | D90: m | E90: 6752 | F90: =TRUNC(E90*$C90,0) -> 9277248 | G90: 404 | H90: =TRUNC(G90*$C90,0) -> 555096 | I90: 175 | J90: =TRUNC(I90*$C90,0) -> 240450 | K90: =G90+E90+I90 -> 7331 | L90: =H90+F90+J90 -> 10072794
A91: g.낙석방지책 철거 | F91: =TRUNC(F92,0) -> 9168408 | H91: =TRUNC(H92,0) -> 69136 | J91: =TRUNC(J92,0) -> 290696 | K91: =G91+E91+I91 -> 0 | L91: =H91+F91+J91 -> 9528240
A92: 낙석방지책 철거 | C92: 232 | D92: m | E92: 39519 | F92: =TRUNC(E92*$C92,0) -> 9168408 | G92: 298 | H92: =TRUNC(G92*$C92,0) -> 69136 | I92: 1253 | J92: =TRUNC(I92*$C92,0) -> 290696 | K92: =G92+E92+I92 -> 41070 | L92: =H92+F92+J92 -> 9528240
A93: h.건축구조물헐기 | F93: =TRUNC(F94+F95+F96+F97,0) -> 422570564 | H93: =TRUNC(H94+H95+H96+H97,0) -> 46995794 | J93: =TRUNC(J94+J95+J96+J97,0) -> 42703388 | K93: =G93+E93+I93 -> 0 | L93: =H93+F93+J93 -> 512269746
A94: 건축구조물철거(주거용) | B94: 단독주택 | C94: 1852 | D94: ㎡ | E94: 9362 | F94: =TRUNC(E94*$C94,0) -> 17338424 | G94: 2255 | H94: =TRUNC(G94*$C94,0) -> 4176260 | I94: 4775 | J94: =TRUNC(I94*$C94,0) -> 8843300 | K94: =G94+E94+I94 -> 16392 | L94: =H94+F94+J94 -> 30357984
A95: 건축구조물철거(업무용) | B95: 철근콘크리트조 | C95: 686 | D95: ㎡ | E95: 27245 | F95: =TRUNC(E95*$C95,0) -> 18690070 | G95: 4638 | H95: =TRUNC(G95*$C95,0) -> 3181668 | I95: 8602 | J95: =TRUNC(I95*$C95,0) -> 5900972 | K95: =G95+E95+I95 -> 40485 | L95: =H95+F95+J95 -> 27772710
A96: 건축구조물철거(업무용) | B96: 철골조 | C96: 1570 | D96: ㎡ | E96: 78380 | F96: =TRUNC(E96*$C96,0) -> 123056600 | G96: 8025 | H96: =TRUNC(G96*$C96,0) -> 12599250 | I96: 5634 | J96: =TRUNC(I96*$C96,0) -> 8845380 | K96: =G96+E96+I96 -> 92039 | L96: =H96+F96+J96 -> 144501230
A97: 건축구조물철거(공공용) | B97: 철골조 | C97: 3358 | D97: ㎡ | E97: 78465 | F97: =TRUNC(E97*$C97,0) -> 263485470 | G97: 8052 | H97: =TRUNC(G97*$C97,0) -> 27038616 | I97: 5692 | J97: =TRUNC(I97*$C97,0) -> 19113736 | K97: =G97+E97+I97 -> 92209 | L97: =H97+F97+J97 -> 309637822
A98: i.폐기물적재 | F98: =TRUNC(F99,0) -> 26563768 | H98: =TRUNC(H99,0) -> 9146368 | J98: =TRUNC(J99,0) -> 11022088 | K98: =G98+E98+I98 -> 0 | L98: =H98+F98+J98 -> 46732224
A99: 폐기물적재 | B99: 굴삭기 0.7㎥ | C99: 17864 | D99: ㎥ | E99: 1487 | F99: =TRUNC(E99*$C99,0) -> 26563768 | G99: 512 | H99: =TRUNC(G99*$C99,0) -> 9146368 | I99: 617 | J99: =TRUNC(I99*$C99,0) -> 11022088 | K99: =G99+E99+I99 -> 2616 | L99: =H99+F99+J99 -> 46732224
A100: 1.02.벌개제근 | F100: =TRUNC(F101+F102+F103+F104,0) -> 134274770 | H100: =TRUNC(H101+H102+H103+H104,0) -> 11019510 | J100: =TRUNC(J101+J102+J103+J104,0) -> 24079670 | K100: =G100+E100+I100 -> 0 | L100: =H100+F100+J100 -> 169373950
A101: 뿌리뽑기 | B101: - | C101: 408130 | D101: m2 | E101: 329 | F101: =TRUNC(E101*$C101,0) -> 134274770 | G101: 27 | H101: =TRUNC(G101*$C101,0) -> 11019510 | I101: 59 | J101: =TRUNC(I101*$C101,0) -> 24079670 | K101: =G101+E101+I101 -> 415 | L101: =H101+F101+J101 -> 169373950
A102: 벌목 | B102: 5m미만 | C102: 0 | D102: m2 | E102: 487 | F102: =TRUNC(E102*$C102,0) -> 0 | G102: 89 | H102: =TRUNC(G102*$C102,0) -> 0 | I102: 48 | J102: =TRUNC(I102*$C102,0) -> 0 | K102: =G102+E102+I102 -> 624 | L102: =H102+F102+J102 -> 0
A103: 벌목 | B103: 5～8m미만 | C103: 0 | D103: m2 | E103: 637 | F103: =TRUNC(E103*$C103,0) -> 0 | G103: 118 | H103: =TRUNC(G103*$C103,0) -> 0 | I103: 62 | J103: =TRUNC(I103*$C103,0) -> 0 | K103: =G103+E103+I103 -> 817 | L103: =H103+F103+J103 -> 0
A104: 벌목 | B104: 8m이상 | C104: 0 | D104: m2 | E104: 831 | F104: =TRUNC(E104*$C104,0) -> 0 | G104: 153 | H104: =TRUNC(G104*$C104,0) -> 0 | I104: 81 | J104: =TRUNC(I104*$C104,0) -> 0 | K104: =G104+E104+I104 -> 1065 | L104: =H104+F104+J104 -> 0
A105: 1.03.표토제거 | F105: =TRUNC(F106+F107,0) -> 13311963 | H105: =TRUNC(H106+H107,0) -> 14019118 | J105: =TRUNC(J106+J107,0) -> 11587535 | K105: =G105+E105+I105 -> 0 | L105: =H105+F105+J105 -> 38918616
A106: 표토제거/답구간 | B106: T=20cm | C106: 61027 | D106: m2 | E106: 154 | F106: =TRUNC(E106*$C106,0) -> 9398158 | G106: 134 | H106: =TRUNC(G106*$C106,0) -> 8177618 | I106: 120 | J106: =TRUNC(I106*$C106,0) -> 7323240 | K106: =G106+E106+I106 -> 408 | L106: =H106+F106+J106 -> 24899016
A107: 표토제거/답외구간 | B107: T=20cm | C107: 58415 | D107: m2 | E107: 67 | F107: =TRUNC(E107*$C107,0) -> 3913805 | G107: 100 | H107: =TRUNC(G107*$C107,0) -> 5841500 | I107: 73 | J107: =TRUNC(I107*$C107,0) -> 4264295 | K107: =G107+E107+I107 -> 240 | L107: =H107+F107+J107 -> 14019600
A108: 1.04.흙깍기 | F108: =TRUNC(F110+F111+F113+F115+F116+F117+F118+F119+F120+F121+F122+F123+F124,0) -> 18464958988 | H108: =TRUNC(H110+H111+H113+H115+H116+H117+H118+H119+H120+H121+H122+H123+H124,0) -> 18503409708 | J108: =TRUNC(J110+J111+J113+J115+J116+J117+J118+J119+J120+J121+J122+J123+J124,0) -> 8152380025 | K108: =G108+E108+I108 -> 0 | L108: =H108+F108+J108 -> 45120748721
A109: a.토사 | F109: =TRUNC(F110+F111,0) -> 720476643 | H109: =TRUNC(H110+H111,0) -> 473642065 | J109: =TRUNC(J110+J111,0) -> 343617992 | K109: =G109+E109+I109 -> 0 | L109: =H109+F109+J109 -> 1537736700
A110: 흙깎기/보통토사 | B110: 대규모 | C110: 1393759 | D110: m3 | E110: 489 | F110: =TRUNC(E110*$C110,0) -> 681548151 | G110: 307 | H110: =TRUNC(G110*$C110,0) -> 427884013 | I110: 224 | J110: =TRUNC(I110*$C110,0) -> 312202016 | K110: =G110+E110+I110 -> 1020 | L110: =H110+F110+J110 -> 1421634180
A111: 비옥토채취 | B111: 불도져32ton | C111: 113826 | D111: ㎥ | E111: 342 | F111: =TRUNC(E111*$C111,0) -> 38928492 | G111: 402 | H111: =TRUNC(G111*$C111,0) -> 45758052 | I111: 276 | J111: =TRUNC(I111*$C111,0) -> 31415976 | K111: =G111+E111+I111 -> 1020 | L111: =H111+F111+J111 -> 116102520
A112: b.리핑암 | F112: =TRUNC(F113,0) -> 764274723 | H112: =TRUNC(H113,0) -> 582464877 | J112: =TRUNC(J113,0) -> 430956672 | K112: =G112+E112+I112 -> 0 | L112: =H112+F112+J112 -> 1777696272
A113: 흙깎기/혼합토사 | B113: 대규모 | C113: 1122283 | D113: m3 | E113: 681 | F113: =TRUNC(E113*$C113,0) -> 764274723 | G113: 519 | H113: =TRUNC(G113*$C113,0) -> 582464877 | I113: 384 | J113: =TRUNC(I113*$C113,0) -> 430956672 | K113: =G113+E113+I113 -> 1584 | L113: =H113+F113+J113 -> 1777696272
A114: c.발파암깍기 | F114: =TRUNC(F115+F116+F117+F118+F119+F120+F121,0) -> 16980207622 | H114: =TRUNC(H115+H116+H117+H118+H119+H120+H121,0) -> 17447302766 | J114: =TRUNC(J115+J116+J117+J118+J119+J120+J121,0) -> 7238848451 | K114: =G114+E114+I114 -> 0 | L114: =H114+F114+J114 -> 41666358839
A115: 발파암깎기 | B115: 미진동굴착발파 | C115: 11183 | D115: ㎥ | E115: 18279 | F115: =TRUNC(E115*$C115,0) -> 204414057 | G115: 11967 | H115: =TRUNC(G115*$C115,0) -> 133826961 | I115: 4927 | J115: =TRUNC(I115*$C115,0) -> 55098641 | K115: =G115+E115+I115 -> 35173 | L115: =H115+F115+J115 -> 393339659
A116: 발파암깎기 | B116: 정밀진동제어발파 | C116: 25417 | D116: ㎥ | E116: 13165 | F116: =TRUNC(E116*$C116,0) -> 334614805 | G116: 9984 | H116: =TRUNC(G116*$C116,0) -> 253763328 | I116: 3680 | J116: =TRUNC(I116*$C116,0) -> 93534560 | K116: =G116+E116+I116 -> 26829 | L116: =H116+F116+J116 -> 681912693
A117: 발파암깎기 | B117: 진동제어(소규모)발파 | C117: 162421 | D117: ㎥ | E117: 8162 | F117: =TRUNC(E117*$C117,0) -> 1325680202 | G117: 6271 | H117: =TRUNC(G117*$C117,0) -> 1018542091 | I117: 2190 | J117: =TRUNC(I117*$C117,0) -> 355701990 | K117: =G117+E117+I117 -> 16623 | L117: =H117+F117+J117 -> 2699924283
A118: 발파암깎기 | B118: 진동제어(중규모)발파 | C118: 755573 | D118: ㎥ | E118: 4439 | F118: =TRUNC(E118*$C118,0) -> 3353988547 | G118: 4317 | H118: =TRUNC(G118*$C118,0) -> 3261808641 | I118: 1659 | J118: =TRUNC(I118*$C118,0) -> 1253495607 | K118: =G118+E118+I118 -> 10415 | L118: =H118+F118+J118 -> 7869292795
A119: 발파암깎기 | B119: 일반발파 | C119: 2818233 | D119: ㎥ | E119: 3248 | F119: =TRUNC(E119*$C119,0) -> 9153620784 | G119: 3605 | H119: =TRUNC(G119*$C119,0) -> 10159729965 | I119: 1422 | J119: =TRUNC(I119*$C119,0) -> 4007527326 | K119: =G119+E119+I119 -> 8275 | L119: =H119+F119+J119 -> 23320878075
A120: 발파암깎기 | B120: 대규모발파 | C120: 22081 | D120: ㎥ | E120: 2536 | F120: =TRUNC(E120*$C120,0) -> 55997416 | G120: 3238 | H120: =TRUNC(G120*$C120,0) -> 71498278 | I120: 1202 | J120: =TRUNC(I120*$C120,0) -> 26541362 | K120: =G120+E120+I120 -> 6976 | L120: =H120+F120+J120 -> 154037056
A121: 발파암 소할 | B121: 30cm미만 | C121: 3758309 | D121: m3 | E121: 679 | F121: =TRUNC(E121*$C121,0) -> 2551891811 | G121: 678 | H121: =TRUNC(G121*$C121,0) -> 2548133502 | I121: 385 | J121: =TRUNC(I121*$C121,0) -> 1446948965 | K121: =G121+E121+I121 -> 1742 | L121: =H121+F121+J121 -> 6546974278
A122: d.시험발파비 | B122: 2km 이상 | C122: 4 | D122: 회 | E122: 0 | F122: =TRUNC(E122*$C122,0) -> 0 | G122: 0 | H122: =TRUNC(G122*$C122,0) -> 0 | I122: 8330750 | J122: =TRUNC(I122*$C122,0) -> 33323000 | K122: =G122+E122+I122 -> 8330750 | L122: =H122+F122+J122 -> 33323000
A123: e.계측시행 | C123: 10 | D123: 월 | E123: 0 | F123: =TRUNC(E123*$C123,0) -> 0 | G123: 0 | H123: =TRUNC(G123*$C123,0) -> 0 | I123: 6664600 | J123: =TRUNC(I123*$C123,0) -> 66646000 | K123: =G123+E123+I123 -> 6664600 | L123: =H123+F123+J123 -> 66646000
A124: f.영향조사 | B124: 물건조사등 | C124: 1 | D124: 식 | E124: 0 | F124: =TRUNC(E124*$C124,0) -> 0 | G124: 0 | H124: =TRUNC(G124*$C124,0) -> 0 | I124: 38987910 | J124: =TRUNC(I124*$C124,0) -> 38987910 | K124: =G124+E124+I124 -> 38987910 | L124: =H124+F124+J124 -> 38987910
A125: 1.05.토량운반 | F125: =TRUNC(F127+F128+F129+F131+F132+F133+F135+F136+F137+F139+F140+F141+F143+F144+F146+F147+F148,0) -> 16868591980 | H125: =TRUNC(H127+H128+H129+H131+H132+H133+H135+H136+H137+H139+H140+H141+H143+H144+H146+H147+H148,0) -> 9816432931 | J125: =TRUNC(J127+J128+J129+J131+J132+J133+J135+J136+J137+J139+J140+J141+J143+J144+J146+J147+J148,0) -> 10355992403 | K125: =G125+E125+I125 -> 0 | L125: =H125+F125+J125 -> 37041017314
...

Sheet 원가계산서(전기공사)
A2: 원 가 계 산 서 (전기)
A3: [공사명 : 진천 메가폴리스 산업단지 조성사업 전기공사]
A5: 구 분 | F5: 도 급 금 액 | G5: 비 고 | I5: 36개월 | K5: 50억미만
A6: 순 공 사 원 가 | B6: 재 료 비 | D6: 직 접 재 료 비 | F6: ='공종별집계표(전기공사)'!F6+'공종별집계표(전기공사)'!F15 -> 1972482406 | G6: 사급자재비 포함
D7: 간 접 재 료 비
D8: 소 계 | F8: =SUM(F6:F7) -> 1972482406
B9: 노 무 비 | D9: 직 접 노 무 비 | F9: ='공종별집계표(전기공사)'!H6 -> 1037484768
D10: 간 접 노 무 비 | F10: =TRUNC(($F$9)*G10%) -> 137985474 | G10: 13.3
D11: 소 계 | F11: =SUM(F9:F10) -> 1175470242
B12: 경 비 | D12: 산 출 경 비 | F12: ='공종별집계표(전기공사)'!J6 -> 22109916
D13: 산 재 보 험 료 | F13: =TRUNC(($F$11)*G13%) -> 41846740 | G13: 3.56
D14: 고 용 보 험 료 | F14: =TRUNC(($F$11)*G14%) -> 11872249 | G14: 1.01 | I14: 설계금액
D15: 건 강 보 험 료 | F15: =TRUNC(($F$9)*G15%)*0+$I$15 -> 44336163 | G15: 3.545 | I15: 44336163
D16: 연 금 보 험 료 | F16: =TRUNC(($F$9)*G16%)*0+$I$16 -> 56280038 | G16: 4.5 | I16: 56280038
D17: 퇴 직 공 제 부 금 비 | F17: =TRUNC(($F$9)*G17%)*0+$I$17 -> 28765353 | G17: 2.3 | I17: 28765353
D18: 노인장기요양보험료 | F18: =TRUNC(($F$15)*G18%)*0+$I$18 -> 5741533 | G18: 12.95 | I18: 5741533
D19: 산업안전보건관리비 | F19: =MIN(K19,K20)*0+I19 -> 86334499 | G19: 1.86 | I19: 86334499 | L19: 1.86
G20: 1.86 | K20: =TRUNC((((F8+F9)*G20%))*1.2+5349000) -> 72531467 | L20: 1.86
D21: 기 타 경 비 | F21: =TRUNC((F8+F11)*G21%) -> 223504638 | G21: 7.1
D22: 공사이행 보증수수료 | G22: 최저가 입찰대상공사(추정가격 300억원 이상)
D23: 환 경 보 전 비 | G23: 전기공사제외
D24: 소 계 | F24: =SUM(F12:F23) -> 520791129
A25: 합 계 | F25: =SUM(F8+F11+F24) -> 3668743777
B26: 일 반 관 리 비 | F26: =TRUNC(F25*G26%) -> 201780907 | G26: 5.5
B27: 이 윤 | F27: =TRUNC(((F11+F24+F26)*G27%))-INT(60128/1.1) -> 284651680 | G27: 15
B28: 공 급 가 액 | F28: =INT(SUM(F25,F26,F27)) -> 4155176364
B29: 부 가 가 치 세 | F29: =TRUNC(F28*0.1) -> 415517636
B30: 도 급 공 사 비 | F30: =SUM(F28:F29) -> 4570694000
B31: 도 급 자 관 급 자 재 비 | F31: =ROUNDDOWN(G31,-3) -> 0 | I31: 가로등, 공원등, 신호등
B32: 관 급 자 관 급 자 재 비 | F32: =ROUNDDOWN(G32,-3) -> 0 | I32: 그외
B33: 관 급 자 재 비 | F33: =F31+F32 -> 0
B34: 수 탁 비 | F34: =INT(G34/1000)*1000 -> 42000000 | G34: ='공종별집계표(전기공사)'!L23 -> 42000000 | I34: =F30/F11 -> 3.8883962
A35: 총 공 사 비 | F35: =SUM(F30+F33+F34) -> 4612694000 | G35: [ 2024년 공사원가계산 제비율, 50억~300억미만 , 13~36개월이하 적용 ]
F36: 4611851000 | G36: =F35-F36 -> 843000
F37: 0.852
F38: =F35/1.1 -> 4.1933582e+09

Sheet 공종별집계표(전기공사)
A1: 공 종 별 집 계 표
A2: [ 진천 메가폴리스 산업단지 조성사업 전기공사 ]
A3: 품 명 | B3: 규 격 | C3: 단위 | D3: 수량 | E3: 재 료 비 | G3: 노 무 비 | I3: 경 비 | K3: 합 계 | M3: 비 고 | N3: 공종코드 | O3: 변수 | P3: 상위공종 | Q3: 공종구분 | R3: 공종레벨 | S3: 공종소계 | T3: 원가계산서 연결금액
E4: 단 가 | F4: 금 액 | G4: 단 가 | H4: 금 액 | I4: 단 가 | J4: 금 액 | K4: 단 가 | L4: 금 액
A5: 진천 메가폴리스 일반산업단지 조성사업 전기공사 | D5: 1 | E5: =F6 -> 375822195 | F5: =E5*$D$7 -> 375822195 | G5: =H6 -> 1037484768 | H5: =G5*$D$7 -> 1037484768 | I5: =J6 -> 22109916 | J5: =I5*$D$7 -> 22109916 | K5: =E5+G5+I5 -> 1435416879 | L5: =F5+H5+J5 -> 1435416879 | N5: 01 | R5: 1
A6: 1. 전기공사 | D6: 1 | E6: =F7+F8+F9+F10+F13+F14 -> 375822195 | F6: =E6*$D$7 -> 375822195 | G6: =H7+H8+H9+H10+H13+H14 -> 1037484768 | H6: =G6*$D$7 -> 1037484768 | I6: =J7+J8+J9+J10+J13+J14 -> 22109916 | J6: =I6*$D$7 -> 22109916 | K6: =E6+G6+I6 -> 1435416879 | L6: =F6+H6+J6 -> 1435416879 | N6: 0101 | P6: 01 | R6: 2
A7: 1.1 가로등설비 | D7: 1 | E7: ='내역서(전기공사)'!F51 -> 161956615 | F7: =E7*$D$7 -> 161956615 | G7: ='내역서(전기공사)'!H51 -> 592547622 | H7: =G7*$D$7 -> 592547622 | I7: ='내역서(전기공사)'!J51 -> 10430435 | J7: =I7*$D$7 -> 10430435 | K7: =E7+G7+I7 -> 764934672 | L7: =F7+H7+J7 -> 764934672 | N7: 010101 | P7: 0101 | R7: 3
A8: 1.2 공원등설비 | D8: 1 | E8: ='내역서(전기공사)'!F75 -> 10127272 | F8: =E8*$D$7 -> 10127272 | G8: ='내역서(전기공사)'!H75 -> 36954861 | H8: =G8*$D$7 -> 36954861 | I8: ='내역서(전기공사)'!J75 -> 793615 | J8: =I8*$D$7 -> 793615 | K8: =E8+G8+I8 -> 47875748 | L8: =F8+H8+J8 -> 47875748 | N8: 010102 | P8: 0101 | R8: 3
A9: 1.3 신호등설비 | D9: 1 | E9: ='내역서(전기공사)'!F123 -> 153055512 | F9: =E9*$D$7 -> 153055512 | G9: ='내역서(전기공사)'!H123 -> 304464096 | H9: =G9*$D$7 -> 304464096 | I9: ='내역서(전기공사)'!J123 -> 9926186 | J9: =I9*$D$7 -> 9926186 | K9: =E9+G9+I9 -> 467445794 | L9: =F9+H9+J9 -> 467445794 | N9: 010103 | P9: 0101 | R9: 3
A10: 1.4 주차장 전기설비 | D10: 1 | E10: =F11+F12 -> 27401729 | F10: =E10*$D$7 -> 27401729 | G10: =H11+H12 -> 58350129 | H10: =G10*$D$7 -> 58350129 | I10: =J11+J12 -> 707445 | J10: =I10*$D$7 -> 707445 | K10: =E10+G10+I10 -> 86459303 | L10: =F10+H10+J10 -> 86459303 | N10: 010104 | P10: 0101 | R10: 3
A11: 1.4.1 주차장 전력간선설비 | D11: 1 | E11: ='내역서(전기공사)'!F147 -> 17832810 | F11: =E11*$D$7 -> 17832810 | G11: ='내역서(전기공사)'!H147 -> 25877659 | H11: =G11*$D$7 -> 25877659 | I11: ='내역서(전기공사)'!J147 -> 68502 | J11: =I11*$D$7 -> 68502 | K11: =E11+G11+I11 -> 43778971 | L11: =F11+H11+J11 -> 43778971 | N11: 01010401 | P11: 010104 | R11: 4
A12: 1.4.2 주차장 조명설비 | D12: 1 | E12: ='내역서(전기공사)'!F171 -> 9568919 | F12: =E12*$D$7 -> 9568919 | G12: ='내역서(전기공사)'!H171 -> 32472470 | H12: =G12*$D$7 -> 32472470 | I12: ='내역서(전기공사)'!J171 -> 638943 | J12: =I12*$D$7 -> 638943 | K12: =E12+G12+I12 -> 42680332 | L12: =F12+H12+J12 -> 42680332 | N12: 01010402 | P12: 010104 | R12: 4
A13: 1.5 교통신호제어기 온라인공사 | D13: 1 | E13: ='내역서(전기공사)'!F195 -> 19730141 | F13: =E13*$D$7 -> 19730141 | G13: ='내역서(전기공사)'!H195 -> 28559970 | H13: =G13*$D$7 -> 28559970 | I13: ='내역서(전기공사)'!J195 -> 79143 | J13: =I13*$D$7 -> 79143 | K13: =E13+G13+I13 -> 48369254 | L13: =F13+H13+J13 -> 48369254 | N13: 010105 | P13: 0101 | R13: 3
A14: 1.6 공원 CCTV설비 | D14: 1 | E14: ='내역서(전기공사)'!F219 -> 3550926 | F14: =E14*$D$7 -> 3550926 | G14: ='내역서(전기공사)'!H219 -> 16608090 | H14: =G14*$D$7 -> 16608090 | I14: ='내역서(전기공사)'!J219 -> 173092 | J14: =I14*$D$7 -> 173092 | K14: =E14+G14+I14 -> 20332108 | L14: =F14+H14+J14 -> 20332108 | N14: 010106 | P14: 0101 | R14: 3
A15: 2. 사급자재비 | D15: 1 | E15: =F16+F17+F18+F19+F22 -> 1596660211 | F15: =E15*$D$7 -> 1596660211 | G15: =H16+H17+H18+H19+H22 -> 0 | H15: =G15*$D$7 -> 0 | I15: =J16+J17+J18+J19+J22 -> 0 | J15: =I15*$D$7 -> 0 | K15: =E15+G15+I15 -> 1596660211 | L15: =F15+H15+J15 -> 1596660211 | N15: 0102 | Q15: 3 | R15: 2 | T15: =#REF!*1 -> #REF!
A16: 2.1 가로등설비 기자재비 | D16: 1 | E16: ='내역서(전기공사)'!F243 -> 875304679 | F16: =E16*$D$7 -> 875304679 | G16: ='내역서(전기공사)'!H243 -> 0 | H16: =G16*$D$7 -> 0 | I16: ='내역서(전기공사)'!J243 -> 0 | J16: =I16*$D$7 -> 0 | K16: =E16+G16+I16 -> 875304679 | L16: =F16+H16+J16 -> 875304679 | N16: 010201 | P16: 0102 | R16: 3
A17: 2.2 공원등설비 기자재비 | D17: 1 | E17: ='내역서(전기공사)'!F267 -> 53120839 | F17: =E17*$D$7 -> 53120839 | G17: ='내역서(전기공사)'!H267 -> 0 | H17: =G17*$D$7 -> 0 | I17: ='내역서(전기공사)'!J267 -> 0 | J17: =I17*$D$7 -> 0 | K17: =E17+G17+I17 -> 53120839 | L17: =F17+H17+J17 -> 53120839 | N17: 010202 | P17: 0102 | R17: 3
A18: 2.3 신호등설비 기자재비 | D18: 1 | E18: ='내역서(전기공사)'!F291 -> 395688210 | F18: =E18*$D$7 -> 395688210 | G18: ='내역서(전기공사)'!H291 -> 0 | H18: =G18*$D$7 -> 0 | I18: ='내역서(전기공사)'!J291 -> 0 | J18: =I18*$D$7 -> 0 | K18: =E18+G18+I18 -> 395688210 | L18: =F18+H18+J18 -> 395688210 | N18: 010203 | P18: 0102 | R18: 3
A19: 2.4 주차장 전기설비 기자재비 | D19: 1 | E19: =F20+F21 -> 135383239 | F19: =E19*$D$7 -> 135383239 | G19: =H20+H21 -> 0 | H19: =G19*$D$7 -> 0 | I19: =J20+J21 -> 0 | J19: =I19*$D$7 -> 0 | K19: =E19+G19+I19 -> 135383239 | L19: =F19+H19+J19 -> 135383239 | N19: 010204 | P19: 0102 | R19: 3
A20: 2.4.1 주차장 전력간선설비 기자재비 | D20: 1 | E20: ='내역서(전기공사)'!F315 -> 84156658 | F20: =E20*$D$7 -> 84156658 | G20: ='내역서(전기공사)'!H315 -> 0 | H20: =G20*$D$7 -> 0 | I20: ='내역서(전기공사)'!J315 -> 0 | J20: =I20*$D$7 -> 0 | K20: =E20+G20+I20 -> 84156658 | L20: =F20+H20+J20 -> 84156658 | N20: 01020401 | P20: 010204 | R20: 4
A21: 2.4.2 주차장 조명설비 기자재비 | D21: 1 | E21: ='내역서(전기공사)'!F339 -> 51226581 | F21: =E21*$D$7 -> 51226581 | G21: ='내역서(전기공사)'!H339 -> 0 | H21: =G21*$D$7 -> 0 | I21: ='내역서(전기공사)'!J339 -> 0 | J21: =I21*$D$7 -> 0 | K21: =E21+G21+I21 -> 51226581 | L21: =F21+H21+J21 -> 51226581 | N21: 01020402 | P21: 010204 | R21: 4
A22: 2.5 공원 CCTV설비 기자재비 | D22: 1 | E22: ='내역서(전기공사)'!F363 -> 137163244 | F22: =E22*$D$7 -> 137163244 | G22: ='내역서(전기공사)'!H363 -> 0 | H22: =G22*$D$7 -> 0 | I22: ='내역서(전기공사)'!J363 -> 0 | J22: =I22*$D$7 -> 0 | K22: =E22+G22+I22 -> 137163244 | L22: =F22+H22+J22 -> 137163244 | N22: 010205 | P22: 0102 | R22: 3
A23: 3. 수탁비 | D23: 1 | E23: ='내역서(전기공사)'!F387 -> 42000000 | F23: =E23*$D$7 -> 42000000 | G23: ='내역서(전기공사)'!G387 -> 0 | H23: =G23*$D$7 -> 0 | I23: ='내역서(전기공사)'!I387 -> 0 | J23: =I23*$D$7 -> 0 | K23: =E23+G23+I23 -> 42000000 | L23: =F23+H23+J23 -> 42000000 | N23: 0103 | Q23: 5 | R23: 2 | T23: =#REF!*1 -> #REF!
A27: [ 합 계 ] | F27: =F5 -> 375822195 | H27: =H5 -> 1037484768 | J27: =J5 -> 22109916 | L27: =L5 -> 1435416879

Sheet 내역서(전기공사)
A1: [ 진천 메가폴리스 산업단지 조성사업 전기공사 ]
A2: 품 명 | B2: 규 격 | C2: 단위 | D2: 수량 | E2: 재 료 비 | G2: 노 무 비 | I2: 경 비 | K2: 합 계 | M2: 비 고 | N2: 품목코드 | O2: 변수 | P2: 설정 | Q2: 공종코드 | R2: 일위 | S2: 단산 | T2: 자재 | U2: 손료적용 | V2: 손료저장 | W2: 적용율 | X2: JUK1 | Y2: JUK2 | Z2: JUK3 | AA2: JUK4 | AB2: JUK5 | AC2: JUK6 | AD2: JUK7 | AE2: JUK8 | AF2: JUK9 | AG2: JUK10 | AH2: JUK11 | AI2: JUK12 | AJ2: JUK13 | AK2: JUK14 | AL2: JUK15 | AM2: JUK16 | AN2: JUK17 | AO2: JUK18 | AP2: JUK19 | AQ2: JUK20 | AR2: 자재구분 | AS2: 공종구분 | AT2: 공종레벨 | AU2: 공종+자재 | AV2: 고유번호
E3: 단 가 | F3: 금 액 | G3: 단 가 | H3: 금 액 | I3: 단 가 | J3: 금 액 | K3: 단 가 | L3: 금 액
A4: 1.1 가로등설비 | Q4: 010101
A5: 폴리에틸렌 전선관-지중매입 가로/신호등 | B5: PE 28㎜ | C5: M | D5: 1811 | E5: 925 | F5: =TRUNC(E5*D5, 0) -> 1675175 | G5: 12786 | H5: =TRUNC(G5*D5, 0) -> 23155446 | I5: 0 | J5: =TRUNC(I5*D5, 0) -> 0 | K5: =TRUNC(E5+G5+I5, 0) -> 13711 | L5: =TRUNC(F5+H5+J5, 0) -> 24830621 | M5: 호표 45 | N5: 53A91303286374986FE7050F73DB0C | Q5: 010101 | R5: T | S5: F | T5: F | AU5: 01010153A91303286374986FE7050F73DB0C | AV5: 19173
A6: 폴리에틸렌 전선관-지중매입 가로/신호등 | B6: PE 36㎜ | C6: M | D6: 12537 | E6: 1212 | F6: =TRUNC(E6*D6, 0) -> 15194844 | G6: 12786 | H6: =TRUNC(G6*D6, 0) -> 160298082 | I6: 0 | J6: =TRUNC(I6*D6, 0) -> 0 | K6: =TRUNC(E6+G6+I6, 0) -> 13998 | L6: =TRUNC(F6+H6+J6, 0) -> 175492926 | M6: 호표 46 | N6: 53A91303286374986FE7050F73DA65 | Q6: 010101 | R6: T | S6: F | T6: F | AU6: 01010153A91303286374986FE7050F73DA65 | AV6: 11207
A7: 폴리에틸렌 전선관-지중매입 가로/신호등 | B7: PE 42㎜ | C7: M | D7: 1435 | E7: 1359 | F7: =TRUNC(E7*D7, 0) -> 1950165 | G7: 14672 | H7: =TRUNC(G7*D7, 0) -> 21054320 | I7: 0 | J7: =TRUNC(I7*D7, 0) -> 0 | K7: =TRUNC(E7+G7+I7, 0) -> 16031 | L7: =TRUNC(F7+H7+J7, 0) -> 23004485 | M7: 호표 47 | N7: 53A91303286374986FE7050F73D95E | Q7: 010101 | R7: T | S7: F | T7: F | AU7: 01010153A91303286374986FE7050F73D95E | AV7: 20591
A8: 폴리에틸렌 전선관-지중매입 가로/신호등 | B8: PE 100㎜ | C8: M | D8: 351 | E8: 5489 | F8: =TRUNC(E8*D8, 0) -> 1926639 | G8: 19902 | H8: =TRUNC(G8*D8, 0) -> 6985602 | I8: 0 | J8: =TRUNC(I8*D8, 0) -> 0 | K8: =TRUNC(E8+G8+I8, 0) -> 25391 | L8: =TRUNC(F8+H8+J8, 0) -> 8912241 | M8: 호표 51 | N8: 53A91303286374986FE7050F7238BE | Q8: 010101 | R8: T | S8: F | T8: F | AU8: 01010153A91303286374986FE7050F7238BE | AV8: 19175
A9: 0.6/1kV 난연 전력 케이블(F-CV)-등주내배선 | B9: 2C 2.5㎟ | C9: m | D9: 4009 | E9: 1278 | F9: =TRUNC(E9*D9, 0) -> 5123502 | G9: 2448 | H9: =TRUNC(G9*D9, 0) -> 9814032 | I9: 0 | J9: =TRUNC(I9*D9, 0) -> 0 | K9: =TRUNC(E9+G9+I9, 0) -> 3726 | L9: =TRUNC(F9+H9+J9, 0) -> 14937534 | M9: 호표 62 | N9: 53A91303286146836D538707D24684 | Q9: 010101 | R9: T | S9: F | T9: F | AU9: 01010153A91303286146836D538707D24684 | AV9: 20303
A10: 0.6/1kV 난연 전력 케이블(F-CV)-2열가로/신호등 | B10: 1C 6㎟ | C10: m | D10: 3746 | E10: 1020 | F10: =TRUNC(E10*D10, 0) -> 3820920 | G10: 2372 | H10: =TRUNC(G10*D10, 0) -> 8885512 | I10: 0 | J10: =TRUNC(I10*D10, 0) -> 0 | K10: =TRUNC(E10+G10+I10, 0) -> 3392 | L10: =TRUNC(F10+H10+J10, 0) -> 12706432 | M10: 호표 58 | N10: 53A91303286146836D53BC0EA53FC4 | Q10: 010101 | R10: T | S10: F | T10: F | AU10: 01010153A91303286146836D53BC0EA53FC4 | AV10: 11211
A11: 0.6/1kV 난연 전력 케이블(F-CV)-4열가로/신호등 | B11: 1C 6㎟ | C11: m | D11: 49724 | E11: 1016 | F11: =TRUNC(E11*D11, 0) -> 50519584 | G11: 2219 | H11: =TRUNC(G11*D11, 0) -> 110337556 | I11: 0 | J11: =TRUNC(I11*D11, 0) -> 0 | K11: =TRUNC(E11+G11+I11, 0) -> 3235 | L11: =TRUNC(F11+H11+J11, 0) -> 160857140 | M11: 호표 60 | N11: 53A91303286146836D53BC0D9ECEB3 | Q11: 010101 | R11: T | S11: F | T11: F | AU11: 01010153A91303286146836D53BC0D9ECEB3 | AV11: 11212
A12: 0.6/1kV 난연 전력 케이블(F-CV)-4열가로/신호등 | B12: 1C 10㎟ | C12: m | D12: 5580 | E12: 1596 | F12: =TRUNC(E12*D12, 0) -> 8905680 | G12: 2334 | H12: =TRUNC(G12*D12, 0) -> 13023720 | I12: 0 | J12: =TRUNC(I12*D12, 0) -> 0 | K12: =TRUNC(E12+G12+I12, 0) -> 3930 | L12: =TRUNC(F12+H12+J12, 0) -> 21929400 | M12: 호표 61 | N12: 53A91303286146836D53BC0D9ECF5A | Q12: 010101 | R12: T | S12: F | T12: F | AU12: 01010153A91303286146836D53BC0D9ECF5A | AV12: 20592
A13: 0.6/1kV 난연 전력 케이블(F-CV)-가로/신호등 | B13: 2C 16㎟ | C13: m | D13: 810 | E13: 4964 | F13: =TRUNC(E13*D13, 0) -> 4020840 | G13: 4209 | H13: =TRUNC(G13*D13, 0) -> 3409290 | I13: 0 | J13: =TRUNC(I13*D13, 0) -> 0 | K13: =TRUNC(E13+G13+I13, 0) -> 9173 | L13: =TRUNC(F13+H13+J13, 0) -> 7430130 | M13: 호표 64 | N13: 53A91303286146836D5387041ED84D | Q13: 010101 | R13: T | S13: F | T13: F | AU13: 01010153A91303286146836D5387041ED84D | AV13: 20460
A14: 0.6/1kV 난연 전력 케이블(F-CV)-가로/신호등 | B14: 2C 25㎟ | C14: m | D14: 108 | E14: 8148 | F14: =TRUNC(E14*D14, 0) -> 879984 | G14: 4859 | H14: =TRUNC(G14*D14, 0) -> 524772 | I14: 0 | J14: =TRUNC(I14*D14, 0) -> 0 | K14: =TRUNC(E14+G14+I14, 0) -> 13007 | L14: =TRUNC(F14+H14+J14, 0) -> 1404756 | M14: 호표 65 | N14: 53A91303286146836D5387041ED954 | Q14: 010101 | R14: T | S14: F | T14: F | AU14: 01010153A91303286146836D5387041ED954 | AV14: 20593
A15: 난연 비닐 절연 접지용전선(F-GV) | B15: 0.6/1kV 6㎟ | C15: m | D15: 15699 | E15: 836 | F15: =TRUNC(E15*D15, 0) -> 13124364 | G15: 1344 | H15: =TRUNC(G15*D15, 0) -> 21099456 | I15: 0 | J15: =TRUNC(I15*D15, 0) -> 0 | K15: =TRUNC(E15+G15+I15, 0) -> 2180 | L15: =TRUNC(F15+H15+J15, 0) -> 34223820 | M15: 호표 52 | N15: 53A913032860A03F6C74A20C8B1E1B | Q15: 010101 | R15: T | S15: F | T15: F | AU15: 01010153A913032860A03F6C74A20C8B1E1B | AV15: 20130
A16: 터미널 | B16: 압착단자, 터미널, 16㎟ | C16: 개 | D16: 60 | E16: 649 | F16: =TRUNC(E16*D16, 0) -> 38940 | G16: 18159 | H16: =TRUNC(G16*D16, 0) -> 1089540 | I16: 0 | J16: =TRUNC(I16*D16, 0) -> 0 | K16: =TRUNC(E16+G16+I16, 0) -> 18808 | L16: =TRUNC(F16+H16+J16, 0) -> 1128480 | M16: 호표 85 | N16: 53A91303286B4AD36052AE0839886A | Q16: 010101 | R16: T | S16: F | T16: F | AU16: 01010153A91303286B4AD36052AE0839886A | AV16: 11222
... A33: 방수형 접속함 | B33: ELB 방수형 | C33: 개 | D33: 421 | E33: 46522 | F33: =TRUNC(E33*D33, 0) -> 19585762 | G33: 29818 | H33: =TRUNC(G33*D33, 0) -> 12553378 | I33: 0 | J33: =TRUNC(I33*D33, 0) -> 0 | K33: =TRUNC(E33+G33+I33, 0) -> 76340 | L33: =TRUNC(F33+H33+J33, 0) -> 32139140 | M33: 호표 37 | N33: 53A9130328626DAA682769037AA911 | Q33: 010101 | R33: T | S33: F | T33: F | AU33: 01010153A9130328626DAA682769037AA911 | AV33: 11235
A34: 방수형 접속함 | B34: BY-PASS용 | C34: 개 | D34: 369 | E34: 12444 | F34: =TRUNC(E34*D34, 0) -> 4591836 | G34: 0 | H34: =TRUNC(G34*D34, 0) -> 0 | I34: 0 | J34: =TRUNC(I34*D34, 0) -> 0 | K34: =TRUNC(E34+G34+I34, 0) -> 12444 | L34: =TRUNC(F34+H34+J34, 0) -> 4591836 | N34: 54C3432D206059FB6015D20D6D8D83753D2032 | Q34: 010101 | R34: F | S34: F | T34: T | AU34: 01010154C3432D206059FB6015D20D6D8D83753D2032 | AV34: 11236
A35: 한전인입 | B35: 저압 | C35: EA | D35: 17 | E35: 137695 | F35: =TRUNC(E35*D35, 0) -> 2340815 | G35: 644059 | H35: =TRUNC(G35*D35, 0) -> 10949003 | I35: 0 | J35: =TRUNC(I35*D35, 0) -> 0 | K35: =TRUNC(E35+G35+I35, 0) -> 781754 | L35: =TRUNC(F35+H35+J35, 0) -> 13289818 | M35: 호표 24 | N35: 53A9130328626DA86D49EC0647538E | Q35: 010101 | R35: T | S35: F | T35: F | AU35: 01010153A9130328626DA86D49EC0647538E | AV35: 20070
A51: [ 합 계 ] | F51: =SUM(F5:F50) -> 161956615 | H51: =SUM(H5:H50) -> 592547622 | J51: =SUM(J5:J50) -> 10430435 | L51: =SUM(L5:L50) -> 764934672 | N51: TOTAL
A52: 1.2 공원등설비 | Q52: 010102
A53: 폴리에틸렌 전선관-지중매입 가로/신호등 | B53: PE 28㎜ | C53: M | D53: 191 | E53: 925 | F53: =TRUNC(E53*D53, 0) -> 176675 | G53: 12786 | H53: =TRUNC(G53*D53, 0) -> 2442126 | I53: 0 | J53: =TRUNC(I53*D53, 0) -> 0 | K53: =TRUNC(E53+G53+I53, 0) -> 13711 | L53: =TRUNC(F53+H53+J53, 0) -> 2618801 | M53: 호표 45 | N53: 53A91303286374986FE7050F73DB0C | Q53: 010102 | R53: T | S53: F | T53: F | AU53: 01010253A91303286374986FE7050F73DB0C | AV53: 19399
A54: 폴리에틸렌 전선관-지중매입 가로/신호등 | B54: PE 36㎜ | C54: M | D54: 733 | E54: 1212 | F54: =TRUNC(E54*D54, 0) -> 888396 | G54: 12786 | H54: =TRUNC(G54*D54, 0) -> 9372138 | I54: 0 | J54: =TRUNC(I54*D54, 0) -> 0 | K54: =TRUNC(E54+G54+I54, 0) -> 13998 | L54: =TRUNC(F54+H54+J54, 0) -> 10260534 | M54: 호표 46 | N54: 53A91303286374986FE7050F73DA65 | Q54: 010102 | R54: T | S54: F | T54: F | AU54: 01010253A91303286374986FE7050F73DA65 | AV54: 19371
A55: 0.6/1kV 난연 전력 케이블(F-CV)-등주내배선 | B55: 2C 2.5㎟ | C55: m | D55: 193 | E55: 1278 | F55: =TRUNC(E55*D55, 0) -> 246654 | G55: 2448 | H55: =TRUNC(G55*D55, 0) -> 472464 | I55: 0 | J55: =TRUNC(I55*D55, 0) -> 0 | K55: =TRUNC(E55+G55+I55, 0) -> 3726 | L55: =TRUNC(F55+H55+J55, 0) -> 719118 | M55: 호표 62 | N55: 53A91303286146836D538707D24684 | Q55: 010102 | R55: T | S55: F | T55: F | AU55: 01010253A91303286146836D538707D24684 | AV55: 20305
A56: 0.6/1kV 난연 전력 케이블(F-CV)-2열가로/신호등 | B56: 1C 6㎟ | C56: m | D56: 414 | E56: 1020 | F56: =TRUNC(E56*D56, 0) -> 422280 | G56: 2372 | H56: =TRUNC(G56*D56, 0) -> 982008 | I56: 0 | J56: =TRUNC(I56*D56, 0) -> 0 | K56: =TRUNC(E56+G56+I56, 0) -> 3392 | L56: =TRUNC(F56+H56+J56, 0) -> 1404288 | M56: 호표 58 | N56: 53A91303286146836D53BC0EA53FC4 | Q56: 010102 | R56: T | S56: F | T56: F | AU56: 01010253A91303286146836D53BC0EA53FC4 | AV56: 19373
A57: 0.6/1kV 난연 전력 케이블(F-CV)-4열가로/신호등 | B57: 1C 6㎟ | C57: m | D57: 2740 | E57: 1016 | F57: =TRUNC(E57*D57, 0) -> 2783840 | G57: 2219 | H57: =TRUNC(G57*D57, 0) -> 6080060 | I57: 0 | J57: =TRUNC(I57*D57, 0) -> 0 | K57: =TRUNC(E57+G57+I57, 0) -> 3235 | L57: =TRUNC(F57+H57+J57, 0) -> 8863900 | M57: 호표 60 | N57: 53A91303286146836D53BC0D9ECEB3 | Q57: 010102 | R57: T | S57: F | T57: F | AU57: 01010253A91303286146836D53BC0D9ECEB3 | AV57: 19374
A58: 0.6/1kV 난연 전력 케이블(F-CV)-2열가로/신호등 | B58: 1C 16㎟ | C58: m | D58: 108 | E58: 2431 | F58: =TRUNC(E58*D58, 0) -> 262548 | G58: 2716 | H58: =TRUNC(G58*D58, 0) -> 293328 | I58: 0 | J58: =TRUNC(I58*D58, 0) -> 0 | K58: =TRUNC(E58+G58+I58, 0) -> 5147 | L58: =TRUNC(F58+H58+J58, 0) -> 555876 | M58: 호표 59 | N58: 53A91303286146836D53BC0EA53D17 | Q58: 010102 | R58: T | S58: F | T58: F | AU58: 01010253A91303286146836D53BC0EA53D17 | AV58: 20082
A59: 난연 비닐 절연 접지용전선(F-GV) | B59: 0.6/1kV 6㎟ | C59: m | D59: 892 | E59: 836 | F59: =TRUNC(E59*D59, 0) -> 745712 | G59: 1344 | H59: =TRUNC(G59*D59, 0) -> 1198848 | I59: 0 | J59: =TRUNC(I59*D59, 0) -> 0 | K59: =TRUNC(E59+G59+I59, 0) -> 2180 | L59: =TRUNC(F59+H59+J59, 0) -> 1944560 | M59: 호표 52 | N59: 53A913032860A03F6C74A20C8B1E1B | Q59: 010102 | R59: T | S59: F | T59: F | AU59: 01010253A913032860A03F6C74A20C8B1E1B | AV59: 20131
A60: 터미널 | B60: 압착단자, 터미널, 16㎟ | C60: 개 | D60: 8 | E60: 649 | F60: =TRUNC(E60*D60, 0) -> 5192 | G60: 18159 | H60: =TRUNC(G60*D60, 0) -> 145272 | I60: 0 | J60: =TRUNC(I60*D60, 0) -> 0 | K60: =TRUNC(E60+G60+I60, 0) -> 18808 | L60: =TRUNC(F60+H60+J60, 0) -> 150464 | M60: 호표 85 | N60: 53A91303286B4AD36052AE0839886A | Q60: 010102 | R60: T | S60: F | T60: F | AU60: 01010253A91303286B4AD36052AE0839886A | AV60: 19378
A61: 공원등주 설치 | B61: 5M 1등용 | C61: 개소 | D61: 35 | E61: 5832 | F61: =TRUNC(E61*D61, 0) -> 204120 | G61: 103525 | H61: =TRUNC(G61*D61, 0) -> 3623375 | I61: 6319 | J61: =TRUNC(I61*D61, 0) -> 221165 | K61: =TRUNC(E61+G61+I61, 0) -> 115676 | L61: =TRUNC(F61+H61+J61, 0) -> 4048660 | M61: 호표 29 | N61: 53A9130328626DAA68276903798163 | Q61: 010102 | R61: T | S61: F | T61: F | AU61: 01010253A9130328626DAA68276903798163 | AV61: 20072
A62: 공원등기구 설치 | B62: LED 50W | C62: EA | D62: 35 | E62: 1230 | F62: =TRUNC(E62*D62, 0) -> 43050 | G62: 41027 | H62: =TRUNC(G62*D62, 0) -> 1435945 | I62: 0 | J62: =TRUNC(I62*D62, 0) -> 0 | K62: =TRUNC(E62+G62+I62, 0) -> 42257 | L62: =TRUNC(F62+H62+J62, 0) -> 1478995 | M62: 호표 35 | N62: 53A9130328626DAA6827690378FF18 | Q62: 010102 | R62: T | S62: F | T62: F | AU62: 01010253A9130328626DAA6827690378FF18 | AV62: 20075
A63: 공원등기초(5m) | B63: 직각형(500*675*850*700) | C63: 개소 | D63: 35 | E63: 9374 | F63: =TRUNC(E63*D63, 0) -> 328090 | G63: 74534 | H63: =TRUNC(G63*D63, 0) -> 2608690 | I63: 11266 | J63: =TRUNC(I63*D63, 0) -> 394310 | K63: =TRUNC(E63+G63+I63, 0) -> 95174 | L63: =TRUNC(F63+H63+J63, 0) -> 3331090 | M63: 호표 19 | N63: 53A9130328626DA86D49FE0D513F8E | Q63: 010102 | R63: T | S63: F | T63: F | AU63: 01010253A9130328626DA86D49FE0D513F8E | AV63: 20454
A64: 분전반 설치 | B64: 4회로 | C64: 개소 | D64: 2 | E64: 13726 | F64: =TRUNC(E64*D64, 0) -> 27452 | G64: 457561 | H64: =TRUNC(G64*D64, 0) -> 915122 | I64: 0 | J64: =TRUNC(I64*D64, 0) -> 0 | K64: =TRUNC(E64+G64+I64, 0) -> 471287 | L64: =TRUNC(F64+H64+J64, 0) -> 942574 | M64: 호표 25 | N64: 53A9130328626DAB6A87B30846F9AE | Q64: 010102 | R64: T | S64: F | T64: F | AU64: 01010253A9130328626DAB6A87B30846F9AE | AV64: 20329
... A71: 방수형 접속함 | B71: ELB 방수형 | C71: 개 | D71: 35 | E71: 46522 | F71: =TRUNC(E71*D71, 0) -> 1628270 | G71: 29818 | H71: =TRUNC(G71*D71, 0) -> 1043630 | I71: 0 | J71: =TRUNC(I71*D71, 0) -> 0 | K71: =TRUNC(E71+G71+I71, 0) -> 76340 | L71: =TRUNC(F71+H71+J71, 0) -> 2671900 | M71: 호표 37 | N71: 53A9130328626DAA682769037AA911 | Q71: 010102 | R71: T | S71: F | T71: F | AU71: 01010253A9130328626DAA682769037AA911 | AV71: 19384
A72: 방수형 접속함 | B72: BY-PASS용 | C72: 개 | D72: 27 | E72: 12444 | F72: =TRUNC(E72*D72, 0) -> 335988 | G72: 0 | H72: =TRUNC(G72*D72, 0) -> 0 | I72: 0 | J72: =TRUNC(I72*D72, 0) -> 0 | K72: =TRUNC(E72+G72+I72, 0) -> 12444 | L72: =TRUNC(F72+H72+J72, 0) -> 335988 | N72: 54C3432D206059FB6015D20D6D8D83753D2032 | Q72: 010102 | R72: F | S72: F | T72: T | AU72: 01010254C3432D206059FB6015D20D6D8D83753D2032 | AV72: 19385
A73: 한전인입 | B73: 저압 | C73: EA | D73: 2 | E73: 137695 | F73: =TRUNC(E73*D73, 0) -> 275390 | G73: 644059 | H73: =TRUNC(G73*D73, 0) -> 1288118 | I73: 0 | J73: =TRUNC(I73*D73, 0) -> 0 | K73: =TRUNC(E73+G73+I73, 0) -> 781754 | L73: =TRUNC(F73+H73+J73, 0) -> 1563508 | M73: 호표 24 | N73: 53A9130328626DA86D49EC0647538E | Q73: 010102 | R73: T | S73: F | T73: F | AU73: 01010253A9130328626DA86D49EC0647538E | AV73: 20078
A75: [ 합 계 ] | F75: =SUM(F53:F74) -> 10127272 | H75: =SUM(H53:H74) -> 36954861 | J75: =SUM(J53:J74) -> 793615 | L75: =SUM(L53:L74) -> 47875748 | N75: TOTAL
A76: 1.3 신호등설비 | Q76: 010103
A77: 폴리에틸렌 전선관-지중매입 가로/신호등 | B77: PE 28㎜ | C77: M | D77: 1695 | E77: 925 | F77: =TRUNC(E77*D77, 0) -> 1567875 | G77: 12786 | H77: =TRUNC(G77*D77, 0) -> 21672270 | I77: 0 | J77: =TRUNC(I77*D77, 0) -> 0 | K77: =TRUNC(E77+G77+I77, 0) -> 13711 | L77: =TRUNC(F77+H77+J77, 0) -> 23240145 | M77: 호표 45 | N77: 53A91303286374986FE7050F73DB0C | Q77: 010103 | R77: T | S77: F | T77: F | AU77: 01010353A91303286374986FE7050F73DB0C | AV77: 19417
A78: 폴리에틸렌 전선관-지중매입 가로/신호등 | B78: PE 36㎜ | C78: M | D78: 1004 | E78: 1212 | F78: =TRUNC(E78*D78, 0) -> 1216848 | G78: 12786 | H78: =TRUNC(G78*D78, 0) -> 12837144 | I78: 0 | J78: =TRUNC(I78*D78, 0) -> 0 | K78: =TRUNC(E78+G78+I78, 0) -> 13998 | L78: =TRUNC(F78+H78+J78, 0) -> 14053992 | M78: 호표 46 | N78: 53A91303286374986FE7050F73DA65 | Q78: 010103 | R78: T | S78: F | T78: F | AU78: 01010353A91303286374986FE7050F73DA65 | AV78: 19207
A79: 폴리에틸렌 전선관-지중매입 가로/신호등 | B79: PE 54㎜ | C79: M | D79: 1287 | E79: 1937 | F79: =TRUNC(E79*D79, 0) -> 2492919 | G79: 14672 | H79: =TRUNC(G79*D79, 0) -> 18882864 | I79: 0 | J79: =TRUNC(I79*D79, 0) -> 0 | K79: =TRUNC(E79+G79+I79, 0) -> 16609 | L79: =TRUNC(F79+H79+J79, 0) -> 21375783 | M79: 호표 48 | N79: 53A91303286374986FE7050F73D8B7 | Q79: 010103 | R79: T | S79: F | T79: F | AU79: 01010353A91303286374986FE7050F73D8B7 | AV79: 19208
A80: 폴리에틸렌 전선관-지중매입 가로/신호등 | B80: PE 70㎜ | C80: M | D80: 52 | E80: 3133 | F80: =TRUNC(E80*D80, 0) -> 162916 | G80: 17044 | H80: =TRUNC(G80*D80, 0) -> 886288 | I80: 0 | J80: =TRUNC(I80*D80, 0) -> 0 | K80: =TRUNC(E80+G80+I80, 0) -> 20177 | L80: =TRUNC(F80+H80+J80, 0) -> 1049204 | M80: 호표 49 | N80: 53A91303286374986FE7050F73D791 | Q80: 010103 | R80: T | S80: F | T80: F | AU80: 01010353A91303286374986FE7050F73D791 | AV80: 20080
A81: 폴리에틸렌 전선관-지중매입 가로/신호등 | B81: PE 82㎜ | C81: M | D81: 131 | E81: 3888 | F81: =TRUNC(E81*D81, 0) -> 509328 | G81: 19902 | H81: =TRUNC(G81*D81, 0) -> 2607162 | I81: 0 | J81: =TRUNC(I81*D81, 0) -> 0 | K81: =TRUNC(E81+G81+I81, 0) -> 23790 | L81: =TRUNC(F81+H81+J81, 0) -> 3116490 | M81: 호표 50 | N81: 53A91303286374986FE7050F73D68A | Q81: 010103 | R81: T | S81: F | T81: F | AU81: 01010353A91303286374986FE7050F73D68A | AV81: 19391
A82: 폴리에틸렌 전선관-지중매입 가로/신호등 | B82: PE 100㎜ | C82: M | D82: 1107 | E82: 5489 | F82: =TRUNC(E82*D82, 0) -> 6076323 | G82: 19902 | H82: =TRUNC(G82*D82, 0) -> 22031514 | I82: 0 | J82: =TRUNC(I82*D82, 0) -> 0 | K82: =TRUNC(E82+G82+I82, 0) -> 25391 | L82: =TRUNC(F82+H82+J82, 0) -> 28107837 | M82: 호표 51 | N82: 53A91303286374986FE7050F7238BE | Q82: 010103 | R82: T | S82: F | T82: F | AU82: 01010353A91303286374986FE7050F7238BE | AV82: 19209
A83: 0.6/1kV 난연 전력 케이블(F-CV)-등주내배선 | B83: 2C 2.5㎟ | C83: m | D83: 5385 | E83: 1278 | F83: =TRUNC(E83*D83, 0) -> 6882030 | G83: 2448 | H83: =TRUNC(G83*D83, 0) -> 13182480 | I83: 0 | J83: =TRUNC(I83*D83, 0) -> 0 | K83: =TRUNC(E83+G83+I83, 0) -> 3726 | L83: =TRUNC(F83+H83+J83, 0) -> 20064510 | M83: 호표 62 | N83: 53A91303286146836D538707D24684 | Q83: 010103 | R83: T | S83: F | T83: F | AU83: 01010353A91303286146836D538707D24684 | AV83: 20308
A84: 0.6/1kV 트레이용 절연난연 제어용케이블(F-CVV) | B84: 5C 2.5㎟ | C84: M | D84: 891 | E84: 1959 | F84: =TRUNC(E84*D84, 0) -> 1745469 | G84: 7852 | H84: =TRUNC(G84*D84, 0) -> 6996132 | I84: 234 | J84: =TRUNC(I84*D84, 0) -> 208494 | K84: =TRUNC(E84+G84+I84, 0) -> 10045 | L84: =TRUNC(F84+H84+J84, 0) -> 8950095 | M84: 호표 66 | N84: 53A91303286147A66036F9053D12F9 | Q84: 010103 | R84: T | S84: F | T84: F | AU84: 01010353A91303286147A66036F9053D12F9 | AV84: 20306
A85: 0.6/1kV 난연 전력 케이블(F-CV)-2열가로/신호등 | B85: 1C 6㎟ | C85: m | D85: 2156 | E85: 1020 | F85: =TRUNC(E85*D85, 0) -> 2199120 | G85: 2372 | H85: =TRUNC(G85*D85, 0) -> 5114032 | I85: 0 | J85: =TRUNC(I85*D85, 0) -> 0 | K85: =TRUNC(E85+G85+I85, 0) -> 3392 | L85: =TRUNC(F85+H85+J85, 0) -> 7313152 | M85: 호표 58 | N85: 53A91303286146836D53BC0EA53FC4 | Q85: 010103 | R85: T | S85: F | T85: F | AU85: 01010353A91303286146836D53BC0EA53FC4 | AV85: 20083
A86: 0.6/1kV 난연 전력 케이블(F-CV)-4열가로/신호등 | B86: 1C 6㎟ | C86: m | D86: 1620 | E86: 1016 | F86: =TRUNC(E86*D86, 0) -> 1645920 | G86: 2219 | H86: =TRUNC(G86*D86, 0) -> 3594780 | I86: 0 | J86: =TRUNC(I86*D86, 0) -> 0 | K86: =TRUNC(E86+G86+I86, 0) -> 3235 | L86: =TRUNC(F86+H86+J86, 0) -> 5240700 | M86: 호표 60 | N86: 53A91303286146836D53BC0D9ECEB3 | Q86: 010103 | R86: T | S86: F | T86: F | AU86: 01010353A91303286146836D53BC0D9ECEB3 | AV86: 20307
A87: 0.6/1kV 난연 전력 케이블(F-CV)-가로/신호등 | B87: 2C 16㎟ | C87: m | D87: 676 | E87: 4964 | F87: =TRUNC(E87*D87, 0) -> 3355664 | G87: 4209 | H87: =TRUNC(G87*D87, 0) -> 2845284 | I87: 0 | J87: =TRUNC(I87*D87, 0) -> 0 | K87: =TRUNC(E87+G87+I87, 0) -> 9173 | L87: =TRUNC(F87+H87+J87, 0) -> 6200948 | M87: 호표 64 | N87: 53A91303286146836D5387041ED84D | Q87: 010103 | R87: T | S87: F | T87: F | AU87: 01010353A91303286146836D5387041ED84D | AV87: 20595
A88: UTP 케이블 | B88: UTP Cat.5E, 4P | C88: M | D88: 676 | E88: 419 | F88: =TRUNC(E88*D88, 0) -> 283244 | G88: 5163 | H88: =TRUNC(G88*D88, 0) -> 3490188 | I88: 0 | J88: =TRUNC(I88*D88, 0) -> 0 | K88: =TRUNC(E88+G88+I88, 0) -> 5582 | L88: =TRUNC(F88+H88+J88, 0) -> 3773432 | M88: 호표 88 | N88: 53A913012D6745296D6C74021B9936 | Q88: 010103 | R88: T | S88: F | T88: F | AU88: 01010353A913012D6745296D6C74021B9936 | AV88: 19415
... A100: 교통신호등 설치 | B100: 1면 2색(보행등) | C100: 본 | D100: 44 | E100: 35195 | F100: =TRUNC(E100*D100, 0) -> 1548580 | G100: 94727 | H100: =TRUNC(G100*D100, 0) -> 4167988 | I100: 0 | J100: =TRUNC(I100*D100, 0) -> 0 | K100: =TRUNC(E100+G100+I100, 0) -> 129922 | L100: =TRUNC(F100+H100+J100, 0) -> 5716568 | M100: 호표 73 | N100: 53A91303286B4AD16574EA00799936 | Q100: 010103 | R100: T | S100: F | T100: F | AU100: 01010353A91303286B4AD16574EA00799936 | AV100: 13709
A101: 시각장애인용음향신호기설치 | C101: 대 | D101: 44 | E101: 708001 | F101: =TRUNC(E101*D101, 0) -> 31152044 | G101: 94727 | H101: =TRUNC(G101*D101, 0) -> 4167988 | I101: 0 | J101: =TRUNC(I101*D101, 0) -> 0 | K101: =TRUNC(E101+G101+I101, 0) -> 802728 | L101: =TRUNC(F101+H101+J101, 0) -> 35320032 | M101: 호표 75 | N101: 53A91303286B4AD16574EA00799AC7 | Q101: 010103 | R101: T | S101: F | T101: F | AU101: 01010353A91303286B4AD16574EA00799AC7 | AV101: 20312
A102: 보행잔여시간표시기설치 | B102: 숫자형 | C102: 대 | D102: 44 | E102: 2841 | F102: =TRUNC(E102*D102, 0) -> 125004 | G102: 94727 | H102: =TRUNC(G102*D102, 0) -> 4167988 | I102: 0 | J102: =TRUNC(I102*D102, 0) -> 0 | K102: =TRUNC(E102+G102+I102, 0) -> 97568 | L102: =TRUNC(F102+H102+J102, 0) -> 4292992 | M102: 호표 74 | N102: 53A91303286B4AD16574EA00799AC6 | Q102: 010103 | R102: T | S102: F | T102: F | AU102: 01010353A91303286B4AD16574EA00799AC6 | AV102: 19500
A103: 교통신호제어기 설치 | C103: 개소 | D103: 13 | E103: 23189 | F103: =TRUNC(E103*D103, 0) -> 301457 | G103: 773018 | H103: =TRUNC(G103*D103, 0) -> 10049234 | I103: 0 | J103: =TRUNC(I103*D103, 0) -> 0 | K103: =TRUNC(E103+G103+I103, 0) -> 796207 | L103: =TRUNC(F103+H103+J103, 0) -> 10350691 | M103: 호표 76 | N103: 53A91303286B4AD16574EA00799AC4 | Q103: 010103 | R103: T | S103: F | T103: F | AU103: 01010353A91303286B4AD16574EA00799AC4 | AV103: 13698
A104: 제어반기초 | B104: 정방형, 500*800*700 | C104: EA | D104: 13 | E104: 107385 | F104: =TRUNC(E104*D104, 0) -> 1396005 | G104: 258032 | H104: =TRUNC(G104*D104, 0) -> 3354416 | I104: 12515 | J104: =TRUNC(I104*D104, 0) -> 162695 | K104: =TRUNC(E104+G104+I104, 0) -> 377932 | L104: =TRUNC(F104+H104+J104, 0) -> 4913116 | M104: 호표 14 | N104: 53A9130328626DA86D49FE0D513853 | Q104: 010103 | R104: T | S104: F | T104: F | AU104: 01010353A9130328626DA86D49FE0D513853 | AV104: 20566
A105: 맨홀(신호등용) | B105: 800*800*800 | C105: 개소 | D105: 52 | E105: 291413 | F105: =TRUNC(E105*D105, 0) -> 15153476 | G105: 65550 | H105: =TRUNC(G105*D105, 0) -> 3408600 | I105: 1083 | J105: =TRUNC(I105*D105, 0) -> 56316 | K105: =TRUNC(E105+G105+I105, 0) -> 358046 | L105: =TRUNC(F105+H105+J105, 0) -> 18618392 | M105: 호표 81 | N105: 53A91303286B4AD16574EA00799CF5 | Q105: 010103 | R105: T | S105: F | T105: F | AU105: 01010353A91303286B4AD16574EA00799CF5 | AV105: 20086
A106: 통합폴 설치 | C106: 개소 | D106: 80 | E106: 22195 | F106: =TRUNC(E106*D106, 0) -> 1775600 | G106: 173280 | H106: =TRUNC(G106*D106, 0) -> 13862400 | I106: 7395 | J106: =TRUNC(I106*D106, 0) -> 591600 | K106: =TRUNC(E106+G106+I106, 0) -> 202870 | L106: =TRUNC(F106+H106+J106, 0) -> 16229600 | M106: 호표 31 | N106: 53A9130328626DAA682769037986E0 | Q106: 010103 | R106: T | S106: F | T106: F | AU106: 01010353A9130328626DAA682769037986E0 | AV106: 19192
A107: 통합폴 점멸기 설치 | B107: GPS | C107: 개소 | D107: 80 | E107: 84795 | F107: =TRUNC(E107*D107, 0) -> 6783600 | G107: 61206 | H107: =TRUNC(G107*D107, 0) -> 4896480 | I107: 0 | J107: =TRUNC(I107*D107, 0) -> 0 | K107: =TRUNC(E107+G107+I107, 0) -> 146001 | L107: =TRUNC(F107+H107+J107, 0) -> 11680080 | M107: 호표 32 | N107: 53A9130328626DAA682769037986E4 | Q107: 010103 | R107: T | S107: F | T107: F | AU107: 01010353A9130328626DAA682769037986E4 | AV107: 19419
A108: 가로등기구 설치 | B108: LED 100W | C108: EA | D108: 80 | E108: 1371 | F108: =TRUNC(E108*D108, 0) -> 109680 | G108: 45736 | H108: =TRUNC(G108*D108, 0) -> 3658880 | I108: 0 | J108: =TRUNC(I108*D108, 0) -> 0 | K108: =TRUNC(E108+G108+I108, 0) -> 47107 | L108: =TRUNC(F108+H108+J108, 0) -> 3768560 | M108: 호표 33 | N108: 53A9130328626DAA6827690378FF13 | Q108: 010103 | R108: T | S108: F | T108: F | AU108: 01010353A9130328626DAA6827690378FF13 | AV108: 20091
A109: 한전인입 | B109: 저압 | C109: EA | D109: 13 | E109: 137695 | F109: =TRUNC(E109*D109, 0) -> 1790035 | G109: 644059 | H109: =TRUNC(G109*D109, 0) -> 8372767 | I109: 0 | J109: =TRUNC(I109*D109, 0) -> 0 | K109: =TRUNC(E109+G109+I109, 0) -> 781754 | L109: =TRUNC(F109+H109+J109, 0) -> 10162802 | M109: 호표 24 | N109: 53A9130328626DA86D49EC0647538E | Q109: 010103 | R109: T | S109: F | T109: F | AU109: 01010353A9130328626DA86D49EC0647538E | AV109: 20146
A123: [ 합 계 ] | F123: =SUM(F77:F122) -> 153055512 | H123: =SUM(H77:H122) -> 304464096 | J123: =SUM(J77:J122) -> 9926186 | L123: =SUM(L77:L122) -> 467445794 | N123: TOTAL
A124: 1.4.1 주차장 전력간선설비 | Q124: 01010401
A125: 폴리에틸렌 전선관-지중매입 | B125: PE 28㎜ | C125: M | D125: 176 | E125: 864 | F125: =TRUNC(E125*D125, 0) -> 152064 | G125: 9853 | H125: =TRUNC(G125*D125, 0) -> 1734128 | I125: 0 | J125: =TRUNC(I125*D125, 0) -> 0 | K125: =TRUNC(E125+G125+I125, 0) -> 10717 | L125: =TRUNC(F125+H125+J125, 0) -> 1886192 | M125: 호표 42 | N125: 53A91303286374986FE7050E6CE9B4 | Q125: 01010401 | R125: T | S125: F | T125: F | AU125: 0101040153A91303286374986FE7050E6CE9B4 | AV125: 20624
A126: 폴리에틸렌 전선관-지중매입 | B126: PE 54㎜ | C126: M | D126: 121 | E126: 1908 | F126: =TRUNC(E126*D126, 0) -> 230868 | G126: 11312 | H126: =TRUNC(G126*D126, 0) -> 1368752 | I126: 0 | J126: =TRUNC(I126*D126, 0) -> 0 | K126: =TRUNC(E126+G126+I126, 0) -> 13220 | L126: =TRUNC(F126+H126+J126, 0) -> 1599620 | M126: 호표 43 | N126: 53A91303286374986FE7050E6CEA5B | Q126: 01010401 | R126: T | S126: F | T126: F | AU126: 0101040153A91303286374986FE7050E6CEA5B | AV126: 20625
A127: 폴리에틸렌 전선관-지중매입 | B127: PE 100㎜ | C127: M | D127: 102 | E127: 5585 | F127: =TRUNC(E127*D127, 0) -> 569670 | G127: 15326 | H127: =TRUNC(G127*D127, 0) -> 1563252 | I127: 0 | J127: =TRUNC(I127*D127, 0) -> 0 | K127: =TRUNC(E127+G127+I127, 0) -> 20911 | L127: =TRUNC(F127+H127+J127, 0) -> 2132922 | M127: 호표 44 | N127: 53A91303286374986FE7050E6DF401 | Q127: 01010401 | R127: T | S127: F | T127: F | AU127: 0101040153A91303286374986FE7050E6DF401 | AV127: 20626
A128: 0.6/1kV 난연 전력 케이블(F-CV)-2열 | B128: 1C 6㎟ | C128: m | D128: 396 | E128: 1063 | F128: =TRUNC(E128*D128, 0) -> 420948 | G128: 3176 | H128: =TRUNC(G128*D128, 0) -> 1257696 | I128: 0 | J128: =TRUNC(I128*D128, 0) -> 0 | K128: =TRUNC(E128+G128+I128, 0) -> 4239 | L128: =TRUNC(F128+H128+J128, 0) -> 1678644 | M128: 호표 54 | N128: 53A91303286146836D53BC092326A1 | Q128: 01010401 | R128: T | S128: F | T128: F | AU128: 0101040153A91303286146836D53BC092326A1 | AV128: 20627
A129: 0.6/1kV 난연 전력 케이블(F-CV)-2열 | B129: 1C 16㎟ | C129: m | D129: 208 | E129: 2504 | F129: =TRUNC(E129*D129, 0) -> 520832 | G129: 3635 | H129: =TRUNC(G129*D129, 0) -> 756080 | I129: 0 | J129: =TRUNC(I129*D129, 0) -> 0 | K129: =TRUNC(E129+G129+I129, 0) -> 6139 | L129: =TRUNC(F129+H129+J129, 0) -> 1276912 | M129: 호표 55 | N129: 53A91303286146836D53BC092324F3 | Q129: 01010401 | R129: T | S129: F | T129: F | AU129: 0101040153A91303286146836D53BC092324F3 | AV129: 20628
A130: 0.6/1kV 난연 전력 케이블(F-CV)-4열 | B130: 1C 35㎟ | C130: m | D130: 92 | E130: 4242 | F130: =TRUNC(E130*D130, 0) -> 390264 | G130: 8534 | H130: =TRUNC(G130*D130, 0) -> 785128 | I130: 0 | J130: =TRUNC(I130*D130, 0) -> 0 | K130: =TRUNC(E130+G130+I130, 0) -> 12776 | L130: =TRUNC(F130+H130+J130, 0) -> 1175392 | M130: 호표 56 | N130: 53A91303286146836D53BC0F4B97D9 | Q130: 01010401 | R130: T | S130: F | T130: F | AU130: 0101040153A91303286146836D53BC0F4B97D9 | AV130: 20629
A131: 0.6/1kV 난연 전력 케이블(F-CV)-4열 | B131: 1C 240㎟ | C131: m | D131: 416 | E131: 32148 | F131: =TRUNC(E131*D131, 0) -> 13373568 | G131: 24072 | H131: =TRUNC(G131*D131, 0) -> 10013952 | I131: 0 | J131: =TRUNC(I131*D131, 0) -> 0 | K131: =TRUNC(E131+G131+I131, 0) -> 56220 | L131: =TRUNC(F131+H131+J131, 0) -> 23387520 | M131: 호표 57 | N131: 53A91303286146836D53BC0F4AFD26 | Q131: 01010401 | R131: T | S131: F | T131: F | AU131: 0101040153A91303286146836D53BC0F4AFD26 | AV131: 20630
A132: 난연 비닐 절연 접지용전선(F-GV) | B132: 0.6/1kV 6㎟ | C132: m | D132: 198 | E132: 836 | F132: =TRUNC(E132*D132, 0) -> 165528 | G132: 1344 | H132: =TRUNC(G132*D132, 0) -> 266112 | I132: 0 | J132: =TRUNC(I132*D132, 0) -> 0 | K132: =TRUNC(E132+G132+I132, 0) -> 2180 | L132: =TRUNC(F132+H132+J132, 0) -> 431640 | M132: 호표 52 | N132: 53A913032860A03F6C74A20C8B1E1B | Q132: 01010401 | R132: T | S132: F | T132: F | AU132: 0101040153A913032860A03F6C74A20C8B1E1B | AV132: 20631
A133: 난연 비닐 절연 접지용전선(F-GV) | B133: 0.6/1kV 25㎟ | C133: m | D133: 23 | E133: 2324 | F133: =TRUNC(E133*D133, 0) -> 53452 | G133: 1568 | H133: =TRUNC(G133*D133, 0) -> 36064 | I133: 0 | J133: =TRUNC(I133*D133, 0) -> 0 | K133: =TRUNC(E133+G133+I133, 0) -> 3892 | L133: =TRUNC(F133+H133+J133, 0) -> 89516 | M133: 호표 53 | N133: 53A913032860A03F6C74A20C8B1B47 | Q133: 01010401 | R133: T | S133: F | T133: F | AU133: 0101040153A913032860A03F6C74A20C8B1B47 | AV133: 20632
A134: 터미널 | B134: 압착단자, 터미널, 16㎟ | C134: 개 | D134: 4 | E134: 649 | F134: =TRUNC(E134*D134, 0) -> 2596 | G134: 18159 | H134: =TRUNC(G134*D134, 0) -> 72636 | I134: 0 | J134: =TRUNC(I134*D134, 0) -> 0 | K134: =TRUNC(E134+G134+I134, 0) -> 18808 | L134: =TRUNC(F134+H134+J134, 0) -> 75232 | M134: 호표 85 | N134: 53A91303286B4AD36052AE0839886A | Q134: 01010401 | R134: T | S134: F | T134: F | AU134: 0101040153A91303286B4AD36052AE0839886A | AV134: 20634
A135: 터미널 | B135: 압착단자, 터미널, 35㎟ | C135: 개 | D135: 16 | E135: 926 | F135: =TRUNC(E135*D135, 0) -> 14816 | G135: 24213 | H135: =TRUNC(G135*D135, 0) -> 387408 | I135: 0 | J135: =TRUNC(I135*D135, 0) -> 0 | K135: =TRUNC(E135+G135+I135, 0) -> 25139 | L135: =TRUNC(F135+H135+J135, 0) -> 402224 | M135: 호표 86 | N135: 53A91303286B4AD36052AE08398A17 | Q135: 01010401 | R135: T | S135: F | T135: F | AU135: 0101040153A91303286B4AD36052AE08398A17 | AV135: 20635
A136: 터미널 | B136: 압착단자, 터미널, 240㎟ | C136: 개 | D136: 8 | E136: 4138 | F136: =TRUNC(E136*D136, 0) -> 33104 | G136: 56683 | H136: =TRUNC(G136*D136, 0) -> 453464 | I136: 0 | J136: =TRUNC(I136*D136, 0) -> 0 | K136: =TRUNC(E136+G136+I136, 0) -> 60821 | L136: =TRUNC(F136+H136+J136, 0) -> 486568 | M136: 호표 87 | N136: 53A91303286B4AD36052AE0838E3AD | Q136: 01010401 | R136: T | S136: F | T136: F | AU136: 0101040153A91303286B4AD36052AE0838E3AD | AV136: 20633
A137: 전기충전기 분전반 설치 | C137: 개소 | D137: 2 | E137: 283 | F137: =TRUNC(E137*D137, 0) -> 566 | G137: 9472 | H137: =TRUNC(G137*D137, 0) -> 18944 | I137: 0 | J137: =TRUNC(I137*D137, 0) -> 0 | K137: =TRUNC(E137+G137+I137, 0) -> 9755 | L137: =TRUNC(F137+H137+J137, 0) -> 19510 | M137: 호표 26 | N137: 53A9130328626DAB6A87B30846FE2C | Q137: 01010401 | R137: T | S137: F | T137: F | AU137: 0101040153A9130328626DAB6A87B30846FE2C | AV137: 20636
A138: 전기충전기분전반 기초 | B138: 1000*400*200 | C138: EA | D138: 2 | E138: 25557 | F138: =TRUNC(E138*D138, 0) -> 51114 | G138: 78447 | H138: =TRUNC(G138*D138, 0) -> 156894 | I138: 68 | J138: =TRUNC(I138*D138, 0) -> 136 | K138: =TRUNC(E138+G138+I138, 0) -> 104072 | L138: =TRUNC(F138+H138+J138, 0) -> 208144 | M138: 호표 21 | N138: 53A9130328626DA86D49FE0D5133D9 | Q138: 01010401 | R138: T | S138: F | T138: F | AU138: 0101040153A9130328626DA86D49FE0D5133D9 | AV138: 20637
A139: 급속충전기 패드 기초 | B139: 2100*1400*200 | C139: EA | D139: 2 | E139: 123724 | F139: =TRUNC(E139*D139, 0) -> 247448 | G139: 209178 | H139: =TRUNC(G139*D139, 0) -> 418356 | I139: 352 | J139: =TRUNC(I139*D139, 0) -> 704 | K139: =TRUNC(E139+G139+I139, 0) -> 333254 | L139: =TRUNC(F139+H139+J139, 0) -> 666508 | M139: 호표 22 | N139: 53A9130328626DA86D49FE0D501406 | Q139: 01010401 | R139: T | S139: F | T139: F | AU139: 0101040153A9130328626DA86D49FE0D501406 | AV139: 20638
A140: 완속충전기 패드 기초 | B140: 1000*750*200 | C140: EA | D140: 11 | E140: 41341 | F140: =TRUNC(E140*D140, 0) -> 454751 | G140: 100841 | H140: =TRUNC(G140*D140, 0) -> 1109251 | I140: 108 | J140: =TRUNC(I140*D140, 0) -> 1188 | K140: =TRUNC(E140+G140+I140, 0) -> 142290 | L140: =TRUNC(F140+H140+J140, 0) -> 1565190 | M140: 호표 23 | N140: 53A9130328626DA86D49FE0D501403 | Q140: 01010401 | R140: T | S140: F | T140: F | AU140: 0101040153A9130328626DA86D49FE0D501403 | AV140: 20639
A141: 분전함 표찰 | B141: SUS | C141: 개 | D141: 2 | E141: 16041 | F141: =TRUNC(E141*D141, 0) -> 32082 | G141: 9338 | H141: =TRUNC(G141*D141, 0) -> 18676 | I141: 0 | J141: =TRUNC(I141*D141, 0) -> 0 | K141: =TRUNC(E141+G141+I141, 0) -> 25379 | L141: =TRUNC(F141+H141+J141, 0) -> 50758 | M141: 호표 40 | N141: 53A9130328626DAA682769037D7FBD | Q141: 01010401 | R141: T | S141: F | T141: F | AU141: 0101040153A9130328626DAA682769037D7FBD | AV141: 20645
A142: 풀박스(벽면)-노출 | B142: 150X150X100 | C142: 개 | D142: 11 | E142: 6806 | F142: =TRUNC(E142*D142, 0) -> 74866 | G142: 147971 | H142: =TRUNC(G142*D142, 0) -> 1627681 | I142: 0 | J142: =TRUNC(I142*D142, 0) -> 0 | K142: =TRUNC(E142+G142+I142, 0) -> 154777 | L142: =TRUNC(F142+H142+J142, 0) -> 1702547 | M142: 호표 69 | N142: 53A91303286B4AD56321C407A1652E | Q142: 01010401 | R142: T | S142: F | T142: F | AU142: 0101040153A91303286B4AD56321C407A1652E | AV142: 20640
A143: 풀박스(벽면)-노출 | B143: 400X400X200 | C143: 개 | D143: 2 | E143: 19464 | F143: =TRUNC(E143*D143, 0) -> 38928 | G143: 177565 | H143: =TRUNC(G143*D143, 0) -> 355130 | I143: 0 | J143: =TRUNC(I143*D143, 0) -> 0 | K143: =TRUNC(E143+G143+I143, 0) -> 197029 | L143: =TRUNC(F143+H143+J143, 0) -> 394058 | M143: 호표 70 | N143: 53A91303286B4AD56321C407A05C0F | Q143: 01010401 | R143: T | S143: F | T143: F | AU143: 0101040153A91303286B4AD56321C407A05C0F | AV143: 20641
A144: 관로굴착 (일반) | B144: 400Wx600Wx750D | C144: M | D144: 369 | E144: 399 | F144: =TRUNC(E144*D144, 0) -> 147231 | G144: 3839 | H144: =TRUNC(G144*D144, 0) -> 1416591 | I144: 178 | J144: =TRUNC(I144*D144, 0) -> 65682 | K144: =TRUNC(E144+G144+I144, 0) -> 4416 | L144: =TRUNC(F144+H144+J144, 0) -> 1629504 | M144: 호표 10 | N144: 53A9130328626DA86D4994044EE4F2 | Q144: 01010401 | R144: T | S144: F | T144: F | AU144: 0101040153A9130328626DA86D4994044EE4F2 | AV144: 20642
A145: 맨홀 | B145: 600*600*600 | C145: 개소 | D145: 2 | E145: 291362 | F145: =TRUNC(E145*D145, 0) -> 582724 | G145: 386673 | H145: =TRUNC(G145*D145, 0) -> 773346 | I145: 396 | J145: =TRUNC(I145*D145, 0) -> 792 | K145: =TRUNC(E145+G145+I145, 0) -> 678431 | L145: =TRUNC(F145+H145+J145, 0) -> 1356862 | M145: 호표 12 | N145: 53A9130328626DA86D498B0DFB9E63 | Q145: 01010401 | R145: T | S145: F | T145: F | AU145: 0101040153A9130328626DA86D498B0DFB9E63 | AV145: 20643
A146: 한전인입 | B146: 저압 | C146: EA | D146: 2 | E146: 137695 | F146: =TRUNC(E146*D146, 0) -> 275390 | G146: 644059 | H146: =TRUNC(G146*D146, 0) -> 1288118 | I146: 0 | J146: =TRUNC(I146*D146, 0) -> 0 | K146: =TRUNC(E146+G146+I146, 0) -> 781754 | L146: =TRUNC(F146+H146+J146, 0) -> 1563508 | M146: 호표 24 | N146: 53A9130328626DA86D49EC0647538E | Q146: 01010401 | R146: T | S146: F | T146: F | AU146: 0101040153A9130328626DA86D49EC0647538E | AV146: 20644
A147: [ 합 계 ] | E147: 0 | F147: =SUM(F125:F146) -> 17832810 | G147: 0 | H147: =SUM(H125:H146) -> 25877659 | I147: 0 | J147: =SUM(J125:J146) -> 68502 | L147: =SUM(L125:L146) -> 43778971 | N147: TOTAL
A148: 1.4.2 주차장 조명설비 | E148: 0 | G148: 0 | I148: 0 | Q148: 01010402
A149: 폴리에틸렌 전선관-지중매입 가로/신호등 | B149: PE 28㎜ | C149: M | D149: 147 | E149: 925 | F149: =TRUNC(E149*D149, 0) -> 135975 | G149: 12786 | H149: =TRUNC(G149*D149, 0) -> 1879542 | I149: 0 | J149: =TRUNC(I149*D149, 0) -> 0 | K149: =TRUNC(E149+G149+I149, 0) -> 13711 | L149: =TRUNC(F149+H149+J149, 0) -> 2015517 | M149: 호표 45 | N149: 53A91303286374986FE7050F73DB0C | Q149: 01010402 | R149: T | S149: F | T149: F | AU149: 0101040253A91303286374986FE7050F73DB0C | AV149: 20601
A150: 폴리에틸렌 전선관-지중매입 가로/신호등 | B150: PE 36㎜ | C150: M | D150: 614 | E150: 1212 | F150: =TRUNC(E150*D150, 0) -> 744168 | G150: 12786 | H150: =TRUNC(G150*D150, 0) -> 7850604 | I150: 0 | J150: =TRUNC(I150*D150, 0) -> 0 | K150: =TRUNC(E150+G150+I150, 0) -> 13998 | L150: =TRUNC(F150+H150+J150, 0) -> 8594772 | M150: 호표 46 | N150: 53A91303286374986FE7050F73DA65 | Q150: 01010402 | R150: T | S150: F | T150: F | AU150: 0101040253A91303286374986FE7050F73DA65 | AV150: 20602
A151: 0.6/1kV 난연 전력 케이블(F-CV)-등주내배선 | B151: 2C 2.5㎟ | C151: m | D151: 171 | E151: 1278 | F151: =TRUNC(E151*D151, 0) -> 218538 | G151: 2448 | H151: =TRUNC(G151*D151, 0) -> 418608 | I151: 0 | J151: =TRUNC(I151*D151, 0) -> 0 | K151: =TRUNC(E151+G151+I151, 0) -> 3726 | L151: =TRUNC(F151+H151+J151, 0) -> 637146 | M151: 호표 62 | N151: 53A91303286146836D538707D24684 | Q151: 01010402 | R151: T | S151: F | T151: F | AU151: 0101040253A91303286146836D538707D24684 | AV151: 20603
A152: 0.6/1kV 난연 전력 케이블(F-CV)-2열가로/신호등 | B152: 1C 6㎟ | C152: m | D152: 356 | E152: 1020 | F152: =TRUNC(E152*D152, 0) -> 363120 | G152: 2372 | H152: =TRUNC(G152*D152, 0) -> 844432 | I152: 0 | J152: =TRUNC(I152*D152, 0) -> 0 | K152: =TRUNC(E152+G152+I152, 0) -> 3392 | L152: =TRUNC(F152+H152+J152, 0) -> 1207552 | M152: 호표 58 | N152: 53A91303286146836D53BC0EA53FC4 | Q152: 01010402 | R152: T | S152: F | T152: F | AU152: 0101040253A91303286146836D53BC0EA53FC4 | AV152: 20604
A153: 0.6/1kV 난연 전력 케이블(F-CV)-4열가로/신호등 | B153: 1C 6㎟ | C153: m | D153: 2024 | E153: 1016 | F153: =TRUNC(E153*D153, 0) -> 2056384 | G153: 2219 | H153: =TRUNC(G153*D153, 0) -> 4491256 | I153: 0 | J153: =TRUNC(I153*D153, 0) -> 0 | K153: =TRUNC(E153+G153+I153, 0) -> 3235 | L153: =TRUNC(F153+H153+J153, 0) -> 6547640 | M153: 호표 60 | N153: 53A91303286146836D53BC0D9ECEB3 | Q153: 01010402 | R153: T | S153: F | T153: F | AU153: 0101040253A91303286146836D53BC0D9ECEB3 | AV153: 20605
A154: 0.6/1kV 난연 전력 케이블(F-CV)-2열가로/신호등 | B154: 1C 16㎟ | C154: m | D154: 324 | E154: 2431 | F154: =TRUNC(E154*D154, 0) -> 787644 | G154: 2716 | H154: =TRUNC(G154*D154, 0) -> 879984 | I154: 0 | J154: =TRUNC(I154*D154, 0) -> 0 | K154: =TRUNC(E154+G154+I154, 0) -> 5147 | L154: =TRUNC(F154+H154+J154, 0) -> 1667628 | M154: 호표 59 | N154: 53A91303286146836D53BC0EA53D17 | Q154: 01010402 | R154: T | S154: F | T154: F | AU154: 0101040253A91303286146836D53BC0EA53D17 | AV154: 20606
A155: 난연 비닐 절연 접지용전선(F-GV) | B155: 0.6/1kV 6㎟ | C155: m | D155: 684 | E155: 836 | F155: =TRUNC(E155*D155, 0) -> 571824 | G155: 1344 | H155: =TRUNC(G155*D155, 0) -> 919296 | I155: 0 | J155: =TRUNC(I155*D155, 0) -> 0 | K155: =TRUNC(E155+G155+I155, 0) -> 2180 | L155: =TRUNC(F155+H155+J155, 0) -> 1491120 | M155: 호표 52 | N155: 53A913032860A03F6C74A20C8B1E1B | Q155: 01010402 | R155: T | S155: F | T155: F | AU155: 0101040253A913032860A03F6C74A20C8B1E1B | AV155: 20607
A156: 터미널 | B156: 압착단자, 터미널, 16㎟ | C156: 개 | D156: 12 | E156: 649 | F156: =TRUNC(E156*D156, 0) -> 7788 | G156: 18159 | H156: =TRUNC(G156*D156, 0) -> 217908 | I156: 0 | J156: =TRUNC(I156*D156, 0) -> 0 | K156: =TRUNC(E156+G156+I156, 0) -> 18808 | L156: =TRUNC(F156+H156+J156, 0) -> 225696 | M156: 호표 85 | N156: 53A91303286B4AD36052AE0839886A | Q156: 01010402 | R156: T | S156: F | T156: F | AU156: 0101040253A91303286B4AD36052AE0839886A | AV156: 20608
A157: 공원등주 설치 | B157: 5M 1등용 | C157: 개소 | D157: 23 | E157: 5832 | F157: =TRUNC(E157*D157, 0) -> 134136 | G157: 103525 | H157: =TRUNC(G157*D157, 0) -> 2381075 | I157: 6319 | J157: =TRUNC(I157*D157, 0) -> 145337 | K157: =TRUNC(E157+G157+I157, 0) -> 115676 | L157: =TRUNC(F157+H157+J157, 0) -> 2660548 | M157: 호표 29 | N157: 53A9130328626DAA68276903798163 | Q157: 01010402 | R157: T | S157: F | T157: F | AU157: 0101040253A9130328626DAA68276903798163 | AV157: 20609
A158: 공원등주 설치 | B158: 5M 2등용 | C158: 개소 | D158: 4 | E158: 5832 | F158: =TRUNC(E158*D158, 0) -> 23328 | G158: 103525 | H158: =TRUNC(G158*D158, 0) -> 414100 | I158: 6319 | J158: =TRUNC(I158*D158, 0) -> 25276 | K158: =TRUNC(E158+G158+I158, 0) -> 115676 | L158: =TRUNC(F158+H158+J158, 0) -> 462704 | M158: 호표 30 | N158: 53A9130328626DAA68276903798165 | Q158: 01010402 | R158: T | S158: F | T158: F | AU158: 0101040253A9130328626DAA68276903798165 | AV158: 20646
A159: 공원등기구 설치 | B159: LED 50W | C159: EA | D159: 31 | E159: 1230 | F159: =TRUNC(E159*D159, 0) -> 38130 | G159: 41027 | H159: =TRUNC(G159*D159, 0) -> 1271837 | I159: 0 | J159: =TRUNC(I159*D159, 0) -> 0 | K159: =TRUNC(E159+G159+I159, 0) -> 42257 | L159: =TRUNC(F159+H159+J159, 0) -> 1309967 | M159: 호표 35 | N159: 53A9130328626DAA6827690378FF18 | Q159: 01010402 | R159: T | S159: F | T159: F | AU159: 0101040253A9130328626DAA6827690378FF18 | AV159: 20610
A160: 공원등기초(5m) | B160: 직각형(500*675*850*700) | C160: 개소 | D160: 27 | E160: 9374 | F160: =TRUNC(E160*D160, 0) -> 253098 | G160: 74534 | H160: =TRUNC(G160*D160, 0) -> 2012418 | I160: 11266 | J160: =TRUNC(I160*D160, 0) -> 304182 | K160: =TRUNC(E160+G160+I160, 0) -> 95174 | L160: =TRUNC(F160+H160+J160, 0) -> 2569698 | M160: 호표 19 | N160: 53A9130328626DA86D49FE0D513F8E | Q160: 01010402 | R160: T | S160: F | T160: F | AU160: 0101040253A9130328626DA86D49FE0D513F8E | AV160: 20611
... A168: 방수형 접속함 | B168: ELB 방수형 | C168: 개 | D168: 31 | E168: 46522 | F168: =TRUNC(E168*D168, 0) -> 1442182 | G168: 29818 | H168: =TRUNC(G168*D168, 0) -> 924358 | I168: 0 | J168: =TRUNC(I168*D168, 0) -> 0 | K168: =TRUNC(E168+G168+I168, 0) -> 76340 | L168: =TRUNC(F168+H168+J168, 0) -> 2366540 | M168: 호표 37 | N168: 53A9130328626DAA682769037AA911 | Q168: 01010402 | R168: T | S168: F | T168: F | AU168: 0101040253A9130328626DAA682769037AA911 | AV168: 20619
A169: 방수형 접속함 | B169: BY-PASS용 | C169: 개 | D169: 24 | E169: 12444 | F169: =TRUNC(E169*D169, 0) -> 298656 | G169: 0 | H169: =TRUNC(G169*D169, 0) -> 0 | I169: 0 | J169: =TRUNC(I169*D169, 0) -> 0 | K169: =TRUNC(E169+G169+I169, 0) -> 12444 | L169: =TRUNC(F169+H169+J169, 0) -> 298656 | N169: 54C3432D206059FB6015D20D6D8D83753D2032 | Q169: 01010402 | R169: F | S169: F | T169: T | AU169: 0101040254C3432D206059FB6015D20D6D8D83753D2032 | AV169: 20620
...

Sheet Sheet4
C17: 전 기 공 사
